u,v,key,osmid,oneway,lanes,ref,highway,maxspeed,reversed,length,rfid_c,rfid,avgspeed,time,bridge,EV1_me,EV1_fr,EV2_me,EV2_fr,dam_EV1_al_segments,dam_EV1_al,dam_EV2_al_segments,dam_EV2_al,name,junction
42002848,3510081992,0,435722626,True,3,N2,trunk,80,False,226.857,"[1, 1607]",1,80.0,0.003,nan,1.0,1.0,1.0,1.0,"[nan, 1364.0]",1364.0,"[nan, 1364.0]",1364.0,nan,nan
42002848,42005643,0,72400805,True,2,N2,trunk,80,False,334.93,"[6, 1608, 1771, 1015, 1016]",4,80.0,0.004,nan,,1.0,,1.0,"[nan, nan, nan, nan, nan]",0.0,"[nan, nan, nan, nan, nan]",0.0,nan,nan
42002848,2832217848,0,"[720205318, 284802951]",True,1,A79,motorway_link,80,False,557.7090000000001,"[1697, 1698, 5, 1772, 1709, 1710, 1900, 1621, 1368, 1370, 1695]",99,80.0,0.007,nan,2.8376068376068377,1.0,3.5080645161290325,1.0,"[5581.0, 9553.0, 2757.0, nan, nan, nan, nan, 2749.0, nan, 2040.0, 4590.0]",27270.0,"[6725.0, 10747.0, 3217.0, nan, nan, nan, nan, 3948.0, nan, 3356.0, 6426.0]",34419.0,nan,nan
42003549,1912827603,0,"[382923864, 215573156]",True,"['2', '3']",A79,motorway,100,False,429.50999999999993,"[1600, 1601, 2, 1732, 933, 1832, 1290, 1739, 1292, 1738, 1295, 1296, 1359, 1754, 1756]",2,100.0,0.004,nan,4.592039800995025,1.0,4.892018779342723,1.0,"[13464.0, 15332.0, nan, 8167.0, 10481.0, 8444.0, 15274.0, 15411.0, 48719.0, 5755.0, 16808.0, 24904.0, 9001.0, nan, nan]",191760.0,"[13464.0, 15332.0, nan, 10209.0, 10500.0, 9703.0, 15174.0, 19263.0, 49064.0, 9043.0, 16808.0, 25816.0, 15002.0, nan, nan]",209378.0,nan,nan
42003549,2119022099,0,"[337060729, 254696086, 7125689, 7125692, 1093098142]",True,2,A2,motorway,100,False,603.4239999999999,"[3, 4, 7, 9, 10, 12, 20, 1558, 1560, 1821, 1822, 934, 1322, 1581, 1352, 1747, 1751, 1758, 1761, 1514, 1007, 1008, 1272]",3,100.0,0.006,"['yes', 'viaduct']",4.51,1.0,4.539823008849558,1.0,"[nan, nan, 12109.0, nan, nan, nan, nan, 2392.0, 5878.0, nan, nan, 8452.0, nan, 8226.0, nan, nan, 7827.0, 11214.0, nan, 15968.0, nan, 12425.0, nan]",84491.0,"[nan, nan, 12109.0, 7222.0, nan, nan, nan, 3402.0, 8565.0, nan, nan, 8452.0, nan, 9287.0, nan, 12102.0, 8453.0, 11214.0, nan, 15968.0, nan, 12425.0, nan]",109199.0,nan,nan
42003549,5284280680,0,425176802,True,4,A2,motorway,100,False,446.129,"[1488, 1752, 1755, 1757, 1759]",111,100.0,0.004,nan,3.2711864406779663,1.0,4.246666666666667,1.0,"[18957.0, 55092.0, 25273.0, 23263.0, 52919.0]",175504.0,"[37141.0, 56117.0, 37301.0, 49848.0, 57329.0]",237736.0,nan,nan
42005643,2178785463,0,294242089,True,1,N2,trunk_link,80,False,416.235,"[1288, 905, 8, 1880, 1781, 1879, 1304]",93,80.0,0.005,nan,,1.0,,1.0,"[nan, nan, nan, nan, nan, nan, nan]",0.0,"[nan, nan, nan, nan, nan, nan, nan]",0.0,nan,nan
42005643,2587147871,0,"[337060740, 337060741, 462397446]",True,1,N2,trunk,"['100', '80']",False,463.95500000000004,"[1602, 1347, 1604, 1603, 1515, 1420, 1421, 1521, 1778, 1779, 1780, 1366, 1531]",97,90.0,0.005,viaduct,3.5390070921985815,1.0,4.6938775510204085,1.0,"[412.0, nan, nan, 1568.0, 1702.0, 1721.0, 1656.0, nan, nan, 880.0, 746.0, 519.0, nan]",9204.0,"[721.0, nan, 1374.0, 2383.0, 1917.0, 1986.0, 2050.0, nan, nan, 1124.0, 746.0, 1263.0, nan]",13564.0,nan,nan
42009257,42010565,0,"[6779692, 587459364, 6779686, 6779687]",True,"['2', '3']",nan,primary,50,False,90.18,"[1568, 1773, 14, 2128, 17, 24]",5,50.0,0.002,yes,3.5833333333333335,1.0,3.923076923076923,1.0,"[nan, 77.0, nan, nan, nan, 83.0]",160.0,"[nan, 91.0, nan, nan, nan, 83.0]",174.0,Nieuwe Limmelderweg,nan
42009257,42012660,0,"[6779728, 1094522126]",True,1,A79,motorway_link,100,False,389.17900000000003,"[1504, 34, 2663, 2414, 15, 1232, 2417, 2418, 19, 2419, 2415, 22, 2416, 25, 1563, 30]",6,100.0,0.004,nan,2.1538461538461537,1.0,3.95,1.0,"[4013.0, 3112.0, nan, 6524.0, nan, nan, 1257.0, 1707.0, nan, 2907.0, 1794.0, 1482.0, 2001.0, nan, nan, 2777.0]",27574.0,"[10391.0, 7469.0, nan, 10873.0, nan, nan, 1257.0, 1707.0, nan, 2180.0, 1888.0, 1482.0, 2735.0, 1244.0, nan, 2777.0]",44003.0,nan,nan
42009257,3475088037,0,340425125,True,1,nan,motorway_link,50,False,8.181,1575,107,50.0,0.0,nan,,1.0,,1.0,[nan],0.0,[nan],0.0,nan,nan
42010565,3475087790,0,241265004,True,1,nan,motorway_link,50,False,8.426,27,7,50.0,0.0,nan,,1.0,,1.0,[nan],0.0,[nan],0.0,nan,nan
42010565,3441582576,0,"[587459368, 337060734]",True,2,nan,primary,50,False,185.361,"[1538, 1540, 1541, 1542, 1543, 1544, 1547, 1548, 1549, 1550, 1551, 1552, 1553, 1938, 1939, 1940, 1937, 28, 1744, 1746]",8,50.0,0.004,nan,2.0714285714285716,1.0,3.210526315789474,1.0,"[nan, nan, 34.0, nan, nan, nan, nan, 32.0, nan, nan, nan, 19.0, nan, nan, nan, nan, 8.0, nan, 30.0, nan]",123.0,"[nan, nan, 41.0, nan, nan, nan, nan, 48.0, nan, nan, nan, 19.0, nan, nan, nan, nan, 8.0, nan, 52.0, nan]",168.0,Nieuwe Limmelderweg,nan
42010565,42012783,0,"[6779730, 587459362]",True,"['2', '1']",A79,motorway_link,100,False,380.95700000000005,"[32, 36, 1701, 1702, 1700, 40, 1769, 2662, 1006, 1233, 2130]",11,100.0,0.004,nan,3.388235294117647,1.0,4.493243243243243,1.0,"[nan, 8315.0, 8003.0, 2407.0, nan, nan, 7862.0, nan, nan, nan, nan]",26587.0,"[nan, 9064.0, 9047.0, 4376.0, nan, 9667.0, 19352.0, nan, nan, nan, nan]",51506.0,nan,nan
42012660,42017065,0,"[435722624, 471789767, 6779722, 6779723, 6779084, 6779087, 85694896, 6779089, 508822928, 85694899, 6779102]",True,"['2', '3']",A79,motorway,100,False,2280.4910000000004,"[128, 131, 143, 1682, 147, 1684, 1686, 1687, 1690, 155, 158, 160, 161, 2084, 38, 2086, 1835, 1836, 1837, 1838, 1839, 1840, 1841, 50, 1842, 1843, 58, 65, 1605, 2250, 2251, 2252, 77, 2253, 2254, 2255, 80, 74, 2388, 1111, 1112, 90, 2396, 1117, 2397, 1118, 1119, 98, 1122, 1124, 1131, 1005, 114, 116, 2421, 2422, 118, 121]",9,100.0,0.023,"['yes', 'viaduct']",3.6783783783783783,1.0,4.262019230769231,1.0,"[nan, nan, 3724.0, nan, nan, nan, 23333.0, 2723.0, 15095.0, nan, nan, nan, nan, nan, 27717.0, nan, 14932.0, 15323.0, 2964.0, 2794.0, nan, nan, nan, 18818.0, nan, nan, 8952.0, 28709.0, 29798.0, nan, 3539.0, 2499.0, 13504.0, 7478.0, nan, nan, nan, nan, nan, nan, 2668.0, nan, 14617.0, nan, 18879.0, 2991.0, nan, nan, nan, nan, nan, nan, nan, nan, nan, nan, nan, nan]",261057.0,"[nan, nan, 7860.0, nan, nan, nan, 23333.0, 10787.0, 22556.0, 3127.0, nan, nan, nan, nan, 41029.0, nan, 15810.0, 15323.0, 2964.0, 5894.0, nan, nan, nan, 21924.0, nan, nan, 8952.0, 28709.0, 30303.0, nan, 6488.0, 5533.0, 16447.0, 16522.0, nan, nan, nan, nan, nan, nan, 4310.0, nan, 14617.0, nan, 24473.0, 4487.0, nan, 4861.0, 2469.0, nan, nan, nan, nan, nan, nan, nan, nan, nan]",338778.0,nan,nan
42012660,1912827603,0,337017270,True,2,A79,motorway,100,False,643.9679999999998,"[33, 1506, 1833, 1834, 1584, 1586, 18, 29, 1237, 23, 1689, 989, 2398]",85,100.0,0.006,nan,1.4782608695652173,1.0,3.5661764705882355,1.0,"[8355.0, 12517.0, 4168.0, nan, 5698.0, 3880.0, nan, nan, 4081.0, nan, nan, nan, 12206.0]",50905.0,"[28474.0, 32035.0, 11442.0, 4463.0, 14630.0, 16452.0, nan, 10326.0, 12419.0, nan, 5718.0, 14563.0, 40956.0]",191478.0,nan,nan
42012783,2832217848,0,"[132365576, 6779729]",True,2,A79,motorway,100,False,818.9169999999999,"[37, 1703, 39, 1705, 1704, 11, 13, 16, 1010, 2420, 21, 1017, 26, 2491, 31]",10,100.0,0.008,nan,1.8413461538461537,1.0,3.310272536687631,1.0,"[8438.0, 5547.0, nan, 10384.0, 5081.0, nan, nan, 18018.0, 5979.0, 3302.0, 12276.0, nan, 10544.0, 31491.0, 9594.0]",120654.0,"[23941.0, 9226.0, 30600.0, 29997.0, 7226.0, 4430.0, 9659.0, 22023.0, 10022.0, 6603.0, 17683.0, 38809.0, 13721.0, 55269.0, 18172.0]",297381.0,nan,nan
42012783,10024605460,0,"[1094520673, 1094520674, 6779749, 435562863, 85694897, 85694898, 6779091, 153020405, 6779097, 6779099, 6779742]",True,"['2', '3']",A79,motorway,100,False,2210.7139999999995,"[130, 135, 136, 137, 142, 2452, 2453, 1685, 1688, 153, 157, 159, 2083, 2085, 166, 167, 168, 165, 2727, 53, 60, 2119, 2120, 2121, 2122, 2123, 2124, 2125, 2126, 84, 85, 86, 985, 2393, 2394, 92, 1113, 1116, 1115, 1120, 1121, 1114, 988, 1125, 2411, 2412, 2413, 112, 1009, 2423]",124,100.0,0.022,"['yes', 'viaduct']",1.781954887218045,1.0,2.652439024390244,1.0,"[4158.0, nan, 16509.0, 3130.0, 3456.0, nan, nan, 3828.0, 8432.0, 25951.0, 7287.0, 16580.0, 16162.0, nan, nan, 4555.0, nan, nan, 3949.0, nan, 18844.0, 2927.0, 5716.0, nan, nan, 3393.0, nan, nan, nan, nan, 6232.0, nan, 2804.0, nan, 6127.0, nan, nan, nan, 5233.0, nan, nan, nan, 9362.0, 2691.0, 5970.0, 16192.0, nan, 1949.0, nan, nan]",201437.0,"[4989.0, 3142.0, 17191.0, 3130.0, 3456.0, nan, nan, 17228.0, 15675.0, 26263.0, 7287.0, 17794.0, 17555.0, nan, nan, 4555.0, 1641.0, nan, 5576.0, 16956.0, 30802.0, 2927.0, 5716.0, nan, nan, 3846.0, nan, 5458.0, nan, nan, 20591.0, nan, 2804.0, nan, 6127.0, nan, 3414.0, 2908.0, 5233.0, nan, 7834.0, nan, 21692.0, 2691.0, 21321.0, 21352.0, 14729.0, 2558.0, 15765.0, nan]",360206.0,nan,nan
42016160,8626619502,0,"[182723360, 144158799]",True,nan,nan,secondary,50,False,40.647,"[2080, 66, 1945, 69, 72, 73, 882, 951, 952, 953, 1946, 1947, 63]",12,50.0,0.001,nan,1.0,1.0,1.7222222222222223,1.0,"[3.0, 4.0, nan, 4.0, nan, nan, 4.0, nan, 4.0, nan, 3.0, nan, 3.0]",25.0,"[5.0, 6.0, nan, 8.0, nan, nan, 9.0, 4.0, 9.0, 8.0, 6.0, 4.0, 7.0]",66.0,Witte Hoek,roundabout
42016160,3441582576,0,"[459840416, 182723268, 587459367, 178160302, 224450608]",False,2,nan,secondary,50,False,435.00999999999993,"[1792, 1537, 1794, 1796, 1798, 1800, 1802, 1804, 1806, 1808, 1554, 1810, 1812, 1556, 1814, 1816, 1786, 1566, 1569, 1572, 1788, 41, 44, 51, 54, 2111, 1235, 1372, 1374, 1376, 1378, 1381, 1383, 2664, 1385, 2666, 1387, 1390, 1392, 1394, 1266, 1396, 1398, 1400, 1402, 1404, 1790]",104,50.0,0.009,nan,2.933333333333333,1.0,3.911764705882353,1.0,"[nan, 22.0, nan, nan, nan, nan, nan, nan, nan, nan, nan, nan, nan, nan, nan, nan, nan, nan, 6.0, 9.0, nan, 26.0, 185.0, 25.0, 40.0, 233.0, 54.0, nan, nan, nan, nan, nan, nan, 20.0, nan, 19.0, nan, nan, nan, nan, 12.0, nan, nan, nan, nan, nan, nan]",651.0,"[nan, 16.0, nan, nan, nan, nan, nan, nan, nan, nan, nan, nan, nan, nan, nan, nan, nan, nan, 8.0, 18.0, nan, 26.0, 282.0, 34.0, 50.0, 295.0, 88.0, nan, nan, nan, nan, 8.0, nan, 29.0, 8.0, 54.0, nan, nan, nan, nan, 26.0, nan, nan, nan, 7.0, nan, nan]",949.0,Ambyerweg,nan
42016160,931725785,0,"[182723360, 182723353]",True,nan,nan,secondary,50,False,42.17400000000001,"[67, 996, 68, 71, 1950, 61, 950, 954, 955, 1948, 1949, 62, 2079]",73,50.0,0.001,nan,,1.0,1.75,1.0,"[nan, nan, nan, nan, nan, nan, nan, nan, nan, nan, nan, nan, nan]",0.0,"[6.0, nan, 5.0, nan, 8.0, 4.0, 10.0, 4.0, 6.0, 5.0, 5.0, 11.0, 7.0]",71.0,Witte Hoek,roundabout
42016633,42017065,0,"[6779100, 1094520676, 465432950]",True,1,A79,motorway_link,"['100', '80']",False,445.435,"[70, 1655, 75, 880, 79, 1648, 1649, 1650, 1011, 1651, 1652, 1647, 1653, 1654, 1012]",15,90.0,0.005,nan,,1.0,,1.0,"[nan, nan, nan, nan, nan, nan, nan, nan, nan, nan, nan, nan, nan, nan, nan]",0.0,"[nan, nan, nan, nan, nan, nan, nan, nan, nan, nan, nan, nan, nan, nan, nan]",0.0,nan,nan
42017065,355917887,0,"[6779104, 6779079, 6779080, 6779082, 948868234, 6778579]",True,2,A79,motorway,100,False,1141.7720000000002,"[1683, 2198, 2204, 2205, 2206, 2207, 2233, 2234, 2235, 2238, 2239, 2245, 78, 2384, 2385, 2386, 83, 986, 987, 95, 97, 1123, 103, 1129, 110, 1136, 113, 115, 119, 122, 126, 127]",14,100.0,0.011,yes,4.571428571428571,1.0,4.785714285714286,1.0,"[nan, nan, nan, nan, nan, nan, nan, nan, nan, nan, nan, nan, nan, nan, nan, nan, nan, nan, nan, 6345.0, nan, nan, 39531.0, nan, nan, nan, nan, nan, nan, nan, nan, nan]",45876.0,"[nan, nan, nan, nan, nan, nan, nan, nan, nan, nan, nan, nan, nan, nan, nan, nan, nan, nan, nan, 12690.0, nan, nan, 40786.0, nan, nan, nan, nan, nan, nan, nan, nan, nan]",53476.0,nan,nan
42017884,931725785,0,6779711,True,nan,nan,secondary,50,False,77.825,"[2176, 2177, 2178, 101, 1418, 1258, 76, 2192, 82, 2175]",16,50.0,0.002,nan,1.0,1.0,1.7142857142857142,1.0,"[nan, nan, nan, nan, nan, 8.0, 10.0, nan, nan, nan]",18.0,"[nan, 5.0, nan, nan, nan, 22.0, 14.0, nan, nan, nan]",41.0,Maastrichterweg,nan
42017884,298438528,0,"[6779681, 282707716, 1095936805, 1095936806, 1095936807, 6779717, 6779695, 1257131992, 6779707, 27195324]",False,"['2', '3']",nan,secondary,"['50', '80']",True,1162.601,"[2432, 1409, 1411, 1413, 1416, 1677, 1679, 2319, 1681, 145, 2321, 2455, 2073, 2457, 2075, 1819, 2459, 1694, 163, 2470, 2087, 2472, 2474, 2476, 2478, 174, 2480, 176, 2482, 178, 2484, 180, 182, 184, 186, 189, 1597, 192, 1090, 194, 1092, 198, 1094, 1096, 202, 1098, 204, 1100, 209, 874, 875, 2669, 888, 891, 124, 1407]",56,65.0,0.018,yes,1.3333333333333333,1.0,1.896103896103896,1.0,"[nan, nan, nan, nan, nan, nan, nan, nan, nan, nan, nan, nan, nan, nan, nan, nan, nan, nan, nan, nan, nan, nan, nan, nan, nan, nan, nan, 82.0, nan, nan, nan, nan, nan, nan, nan, nan, nan, nan, nan, nan, nan, nan, nan, nan, nan, nan, nan, nan, nan, nan, nan, nan, nan, nan, 31.0, nan]",113.0,"[59.0, nan, nan, nan, 39.0, nan, nan, nan, nan, nan, nan, nan, nan, nan, nan, nan, nan, nan, nan, nan, nan, nan, 26.0, 47.0, nan, nan, nan, 96.0, nan, nan, nan, nan, nan, nan, nan, nan, nan, nan, nan, nan, nan, nan, nan, nan, nan, nan, nan, nan, 35.0, 56.0, 51.0, nan, 46.0, nan, 31.0, nan]",486.0,Maastrichterweg,nan
42017884,8626619502,0,930370384,True,nan,nan,secondary,50,False,72.12799999999999,"[2179, 2180, 2181, 2182, 2183, 2184, 2185, 2186, 2187, 2189, 2190, 2191, 2174]",118,50.0,0.001,nan,1.5,1.0,2.4545454545454546,1.0,"[nan, nan, nan, nan, nan, nan, nan, 7.0, 4.0, nan, nan, 3.0, 10.0]",24.0,"[nan, nan, nan, nan, nan, nan, 8.0, 18.0, 9.0, nan, nan, 10.0, 20.0]",65.0,Maastrichterweg,nan
42019168,10024605460,0,"[1094520675, 6779093, 465432959]",True,1,A79,motorway_link,"['130', '60']",False,237.585,"[132, 100, 1126, 1127, 1737, 1657, 883, 149, 1656, 94, 1658, 1659, 1660, 894]",18,95.0,0.003,nan,,1.0,,1.0,"[nan, nan, nan, nan, nan, nan, nan, nan, nan, nan, nan, nan, nan, nan]",0.0,"[nan, nan, nan, nan, nan, nan, nan, nan, nan, nan, nan, nan, nan, nan]",0.0,nan,nan
42020189,860028311,0,"[435551043, 465432964, 1094519679]",True,1,A79,motorway_link,"['100', '80']",False,684.285,"[1664, 1665, 1666, 1667, 1668, 1669, 1670, 1671, 1672, 1673, 1674, 146, 148, 151, 152, 154, 922, 156, 164, 169, 1591, 980, 981, 982, 1130, 1138, 1661, 1662, 1663]",72,90.0,0.008,nan,,1.0,1.0,1.0,"[nan, nan, nan, nan, nan, nan, nan, nan, nan, nan, nan, nan, nan, nan, nan, nan, nan, nan, nan, nan, nan, nan, nan, nan, nan, nan, nan, nan, nan]",0.0,"[nan, nan, nan, nan, nan, nan, nan, nan, nan, nan, nan, nan, nan, nan, 12244.0, nan, nan, nan, nan, nan, nan, nan, nan, nan, nan, nan, nan, nan, nan]",12244.0,nan,nan
42030250,42032554,0,1094530542,True,2,A2,motorway,100,False,245.072,"[2405, 205]",19,100.0,0.002,nan,,1.0,,1.0,"[nan, nan]",0.0,"[nan, nan]",0.0,nan,nan
42030250,7460916933,0,"[1094530544, 1037526990]",True,1,A2,motorway_link,100,False,89.05,"[2257, 2404, 206, 207]",20,100.0,0.001,nan,,1.0,,1.0,"[nan, nan, nan, nan]",0.0,"[nan, nan, nan, nan]",0.0,nan,nan
42030250,2119022099,0,"[951696836, 6779752, 6779753, 6779756, 6779758, 252677648, 1094530546, 1094527219, 252677652, 337060733]",True,"['2', '3']",A2,motorway,100,False,1363.2570000000003,"[1297, 2201, 1308, 1309, 1310, 1824, 1825, 1826, 35, 171, 1712, 57, 188, 958, 195, 199, 978, 2399, 96, 2406, 1260, 1273]",90,100.0,0.014,yes,1.25,1.0,1.8,1.0,"[nan, nan, nan, nan, nan, nan, nan, nan, nan, 7671.0, nan, nan, nan, nan, nan, nan, nan, nan, nan, nan, nan, nan]",7671.0,"[nan, nan, 3949.0, nan, nan, nan, nan, nan, nan, 15343.0, nan, 2800.0, nan, nan, nan, nan, nan, nan, nan, nan, nan, nan]",22092.0,nan,nan
42032554,42038624,0,"[6779746, 1094530540, 1094530541, 1095174586, 6779736, 1095174585, 6779738]",True,"['2', '3']",A2,motorway,100,False,622.4399999999999,"[2400, 225, 226, 2403, 2401, 1026, 1762, 2402, 1675, 1901, 1902, 245, 246, 2424, 221, 222]",21,100.0,0.006,yes,4.863636363636363,1.0,4.956521739130435,1.0,"[nan, nan, nan, nan, nan, nan, nan, nan, nan, nan, nan, 27642.0, nan, nan, nan, nan]",27642.0,"[nan, nan, nan, nan, nan, nan, nan, nan, nan, nan, nan, 28169.0, nan, nan, nan, nan]",28169.0,nan,nan
42032554,7460916932,0,"[1094530543, 1037526991]",True,1,A2,motorway_link,100,False,30.333,"[213, 2078]",115,100.0,0.0,nan,,1.0,,1.0,"[nan, nan]",0.0,"[nan, nan]",0.0,nan,nan
42035042,42035294,0,"[6779704, 1095936797, 200335887]",True,1,nan,secondary,50,False,44.083,"[2305, 2307, 2308, 2437, 2309, 2438, 2057, 2058, 2059, 2060, 966, 967, 229, 230, 231, 233, 235, 236, 238]",22,50.0,0.001,nan,,1.0,3.5714285714285716,1.0,"[nan, nan, nan, nan, nan, nan, nan, nan, nan, nan, nan, nan, nan, nan, nan, nan, nan, nan, nan]",0.0,"[nan, 9.0, 8.0, nan, 4.0, nan, nan, nan, nan, nan, nan, 4.0, nan, nan, nan, nan, nan, 6.0, 9.0]",40.0,Knooppunt Hoolhuis,roundabout
42035042,859543718,0,6779704,True,1,nan,secondary,50,False,8.454,"[232, 970, 2317]",69,50.0,0.0,nan,1.0,1.0,3.3333333333333335,1.0,"[nan, 3.0, nan]",3.0,"[nan, 11.0, 7.0]",18.0,Knooppunt Hoolhuis,roundabout
42035042,10036651839,0,1095936815,True,1,nan,secondary,50,False,30.299,"[2441, 2442, 2443, 2445, 2677, 2461]",127,50.0,0.001,nan,,1.0,1.8888888888888888,1.0,"[nan, nan, nan, nan, nan, nan]",0.0,"[8.0, 5.0, 17.0, 16.0, nan, 10.0]",56.0,Maastrichterweg,nan
42035294,9646103568,0,1095936798,True,1,nan,secondary,50,False,9.956,"[968, 241, 2306, 239]",23,50.0,0.0,nan,3.0,1.0,4.428571428571429,1.0,"[13.0, 6.0, 5.0, 5.0]",29.0,"[18.0, 12.0, 12.0, 9.0]",51.0,Knooppunt Hoolhuis,roundabout
42035294,42035592,0,1095936816,True,1,nan,secondary,50,False,31.764000000000003,"[2446, 2447, 240, 2448, 2463]",24,50.0,0.001,nan,4.421052631578948,1.0,4.95,1.0,"[36.0, 23.0, 18.0, 45.0, 31.0]",153.0,"[36.0, 23.0, 32.0, 50.0, 31.0]",172.0,Bunderstraat,nan
42035592,42038624,0,"[1333271499, 1094531557, 6779607]",True,1,A2,motorway_link,"['50', '130']",False,297.653,"[2720, 2689, 998, 1903, 2719, 242, 2675, 884, 247, 1882, 1883, 252, 255]",25,90.0,0.003,nan,4.027777777777778,1.0,4.5,1.0,"[nan, 16937.0, 1890.0, nan, nan, 1843.0, 763.0, 1154.0, 1432.0, 1565.0, 1209.0, 8577.0, nan]",35370.0,"[nan, 19057.0, 1989.0, nan, nan, 1843.0, 763.0, 1924.0, 1557.0, 2029.0, 1777.0, 17155.0, nan]",48094.0,nan,nan
42035592,847933557,0,6779710,False,3,nan,secondary,50,False,53.564,"[248, 925]",63,50.0,0.001,nan,5.0,1.0,5.0,1.0,"[105.0, 243.0]",348.0,"[105.0, 243.0]",348.0,Bunderstraat,nan
42035592,9646103568,0,1095936817,True,1,nan,secondary,50,False,29.950000000000003,"[2449, 2450, 2451, 244, 2676, 2462]",27,50.0,0.001,nan,4.944444444444445,1.0,5.0,1.0,"[18.0, 39.0, 32.0, 35.0, 13.0, 27.0]",164.0,"[18.0, 39.0, 32.0, 35.0, 14.0, 27.0]",165.0,Bunderstraat,nan
42038624,42043135,0,"[6777004, 6777678, 6777679]",True,4,A2,motorway,100,False,527.633,"[289, 266, 290, 2261]",28,100.0,0.005,yes,,1.0,,1.0,"[nan, nan, nan, nan]",0.0,"[nan, nan, nan, nan]",0.0,nan,nan
42038672,6153690991,0,"[200335888, 509397985, 6779688]",True,nan,nan,secondary,50,False,85.959,"[256, 257, 261, 262, 1032, 265, 268, 2465, 2466, 1968, 1971, 962, 963, 964, 1884, 1004, 1783, 2554, 2557]",29,50.0,0.002,nan,3.7708333333333335,1.0,4.962264150943396,1.0,"[89.0, 8.0, 3.0, 6.0, 80.0, 4.0, nan, 5.0, 5.0, 6.0, 2.0, 6.0, 6.0, 4.0, 45.0, 44.0, 55.0, 2.0, 5.0]",375.0,"[89.0, 16.0, 16.0, 19.0, 80.0, 10.0, 9.0, 12.0, 11.0, 17.0, 12.0, 11.0, 15.0, 19.0, 45.0, 54.0, 57.0, 9.0, 13.0]",514.0,Bunderstraat,roundabout
42038672,1749457312,0,"[6777602, 6777603, 1041989634, 6777604, 7130370, 1118066824, 6777611, 863568143, 863568144, 328353812, 6777622, 1330617627, 6777628, 359428764, 6776995, 6777636, 343031086, 1164173360, 885887285, 343096130, 6777541, 460735557, 6777543, 6777549, 6777551, 6777556, 58760535, 6777560, 6777565, 6779613, 1426448993, 1426448994, 6777571, 1167626851, 144833641, 6777581, 39438960, 6777585, 898584947, 328352372, 6777592, 7130363, 1330623101, 6777598, 156774911]",False,2,nan,secondary,"['50', '60', '30', '80']","[False, True]",6457.439000000002,"[2082, 2090, 2092, 2094, 2096, 2098, 2100, 2102, 2104, 2105, 2108, 2110, 2133, 2135, 2136, 2138, 2141, 2143, 2145, 2147, 2149, 2151, 2152, 2172, 2195, 2197, 276, 278, 280, 282, 288, 292, 295, 298, 299, 304, 306, 308, 310, 312, 317, 319, 322, 324, 325, 328, 331, 333, 335, 338, 339, 341, 344, 347, 350, 352, 364, 366, 370, 373, 376, 378, 380, 382, 384, 387, 391, 397, 399, 401, 403, 405, 407, 409, 413, 416, 421, 423, 425, 427, 429, 431, 433, 435, 437, 439, 2493, 445, 2495, 447, 2497, 2499, 2501, 2503, 455, 2505, 458, 2507, 2509, 461, 2511, 464, 2513, 2515, 467, 2517, 470, 2519, 472, 2521, 474, 2523, 476, 2525, 478, 2527, 480, 2529, 482, 2531, 2533, 486, 2535, 488, 2537, 491, 2539, 493, 2541, 2543, 496, 2545, 498, 2547, 2549, 2551, 2553, 2563, 2564, 542, 556, 566, 573, 583, 585, 596, 2655, 611, 614, 620, 622, 2671, 2672, 627, 630, 634, 638, 642, 644, 646, 649, 651, 653, 654, 663, 664, 667, 670, 673, 674, 678, 682, 688, 690, 692, 694, 696, 700, 706, 714, 722, 726, 728, 732, 892, 916, 917, 924, 990, 992, 1003, 1086, 1088, 1101, 1104, 1106, 1108, 1144, 1146, 1147, 1149, 1165, 1178, 1180, 1182, 1184, 1186, 1188, 1191, 1193, 1196, 1198, 1202, 1206, 1208, 1210, 1212, 1214, 1216, 1222, 1269, 1271, 1275, 1313, 1315, 1317, 1319, 1321, 1360, 1363, 1365, 1423, 1424, 1427, 1429, 1431, 1433, 1435, 1437, 1439, 1441, 1443, 1445, 1447, 1449, 1451, 1453, 1455, 1457, 1459, 1461, 1463, 1465, 1467, 1469, 1471, 1473, 1475, 1476, 1478, 1480, 1482, 1484, 1486, 1491, 1493, 1495, 1497, 1499, 1576, 1620, 1764, 1766, 1846, 1848, 1850, 1852, 1854, 1855, 1858, 1860, 1862, 1864, 1865, 1867, 1887, 1889, 1891, 1893, 1895, 1897, 1899, 1912, 1914, 1916, 1918, 1920, 1930, 1932, 1934, 1936, 1941, 1957, 1959, 1961, 1979, 1981, 1983, 1985, 1987, 1993, 1995, 1997]",81,55.0,0.117,nan,2.5338645418326693,1.0,3.4924491135915954,1.0,"[nan, nan, 43.0, 56.0, 33.0, 97.0, 85.0, 44.0, nan, 55.0, nan, nan, nan, nan, nan, nan, 48.0, 13.0, 27.0, 5.0, 30.0, 22.0, 18.0, 16.0, 48.0, nan, 33.0, 80.0, 26.0, nan, 38.0, 97.0, 27.0, 54.0, 67.0, nan, 40.0, 48.0, nan, nan, nan, nan, nan, nan, 23.0, 21.0, 16.0, 74.0, 274.0, 316.0, 40.0, 6.0, 24.0, 15.0, 37.0, 56.0, nan, nan, nan, nan, nan, nan, nan, nan, nan, nan, nan, nan, nan, nan, nan, nan, nan, nan, nan, nan, nan, nan, nan, nan, nan, nan, nan, nan, nan, nan, nan, 79.0, nan, 39.0, nan, nan, 19.0, 323.0, nan, nan, 26.0, 40.0, 37.0, nan, 36.0, 46.0, nan, nan, 45.0, nan, nan, 3.0, nan, 4.0, 8.0, 3.0, 64.0, nan, 95.0, nan, 34.0, nan, 33.0, nan, nan, 69.0, 15.0, 53.0, nan, 37.0, nan, nan, 95.0, 82.0, nan, nan, nan, nan, nan, nan, nan, 15.0, nan, 69.0, 32.0, 58.0, 178.0, nan, 98.0, 72.0, nan, nan, 70.0, nan, 45.0, 84.0, 44.0, nan, 46.0, 19.0, 11.0, 16.0, nan, 18.0, 23.0, 21.0, 54.0, 11.0, nan, 31.0, nan, nan, nan, nan, nan, nan, nan, nan, nan, nan, nan, nan, nan, nan, nan, nan, nan, nan, 223.0, 52.0, nan, nan, nan, 67.0, 12.0, nan, nan, nan, nan, nan, nan, 39.0, 3.0, 58.0, 22.0, nan, nan, nan, nan, 73.0, 14.0, nan, nan, 16.0, nan, nan, nan, nan, nan, nan, nan, nan, nan, 21.0, nan, 159.0, nan, nan, nan, nan, nan, 55.0, 33.0, 32.0, 23.0, nan, nan, nan, nan, nan, nan, nan, nan, nan, nan, nan, nan, nan, nan, nan, nan, nan, nan, nan, nan, nan, nan, nan, nan, nan, nan, nan, nan, nan, 113.0, 35.0, 35.0, nan, 42.0, nan, 79.0, 28.0, 31.0, 32.0, 97.0, 71.0, 38.0, 62.0, nan, nan, 13.0, nan, nan, nan, 36.0, 21.0, nan, nan, 15.0, nan, nan, nan, nan, 11.0, 21.0, nan, 5.0, 38.0, 13.0, nan, 33.0, 91.0, nan, nan, nan, nan, nan, nan, nan, 7.0, nan, 61.0, nan, nan, 11.0, 11.0, 8.0]",6312.0,"[nan, nan, 43.0, 56.0, 66.0, 129.0, 85.0, 44.0, 24.0, 55.0, nan, nan, nan, nan, nan, nan, 61.0, 20.0, 27.0, 16.0, 36.0, 25.0, 19.0, 19.0, 61.0, nan, 126.0, 132.0, 41.0, 13.0, 47.0, 178.0, 27.0, 54.0, 71.0, 126.0, 113.0, 60.0, nan, 11.0, 263.0, 13.0, 17.0, 25.0, 116.0, 102.0, 80.0, 272.0, 431.0, 347.0, 59.0, 20.0, 29.0, 19.0, 58.0, 117.0, nan, nan, nan, nan, nan, nan, nan, nan, nan, nan, nan, nan, nan, nan, nan, nan, nan, nan, nan, nan, nan, nan, nan, nan, nan, nan, nan, nan, nan, nan, 66.0, 79.0, nan, 39.0, nan, nan, 24.0, 370.0, nan, 198.0, 26.0, 47.0, 47.0, nan, 41.0, 46.0, nan, nan, 46.0, nan, 25.0, 3.0, nan, 6.0, 12.0, 3.0, 85.0, nan, 158.0, nan, 83.0, nan, 50.0, nan, nan, 73.0, 73.0, 61.0, 15.0, 68.0, 13.0, nan, 100.0, 101.0, nan, nan, nan, nan, nan, nan, nan, 15.0, 17.0, 171.0, 124.0, 136.0, 302.0, nan, 167.0, 145.0, nan, nan, 103.0, nan, 78.0, 137.0, 158.0, nan, 46.0, 19.0, 16.0, 18.0, 11.0, 23.0, 23.0, 31.0, 64.0, 16.0, nan, 45.0, nan, nan, nan, nan, nan, nan, nan, nan, nan, nan, nan, nan, nan, nan, nan, nan, nan, nan, 389.0, 52.0, nan, nan, 16.0, 80.0, 59.0, nan, nan, nan, nan, nan, nan, 59.0, 4.0, 83.0, 27.0, nan, nan, nan, nan, 156.0, 23.0, nan, nan, 18.0, nan, nan, nan, nan, nan, nan, nan, nan, nan, 26.0, 14.0, 159.0, nan, nan, nan, nan, nan, 76.0, 95.0, 162.0, 116.0, nan, nan, nan, nan, nan, nan, nan, nan, nan, nan, nan, nan, nan, nan, nan, nan, nan, nan, nan, nan, nan, nan, nan, nan, nan, nan, nan, nan, nan, 204.0, 86.0, 53.0, nan, 57.0, nan, 97.0, 39.0, 59.0, 51.0, 103.0, 71.0, 38.0, 77.0, 29.0, 20.0, 42.0, nan, nan, nan, 49.0, 43.0, nan, nan, 15.0, nan, nan, nan, nan, 33.0, 29.0, 22.0, 25.0, 43.0, 66.0, nan, 33.0, 251.0, nan, nan, 18.0, 139.0, nan, nan, nan, 7.0, nan, 61.0, nan, nan, 18.0, 18.0, 19.0]",11105.0,"['Vliegenstraat', 'Brommelen', 'Slingerberg', 'Pasweg', 'Prinses Ireneweg', 'Hussenbergstraat', 'Hulserstraat', 'Broekhoven', 'Processieweg', 'Oostbroek']",nan
42038672,1470642590,0,205506852,True,nan,nan,secondary,50,False,20.633000000000003,"[960, 961, 267, 270, 271, 1040, 1969, 1970]",76,50.0,0.0,nan,1.2,1.0,4.333333333333333,1.0,"[3.0, nan, 6.0, nan, nan, 4.0, nan, nan]",13.0,"[13.0, nan, 21.0, 12.0, 3.0, 13.0, nan, 10.0]",72.0,nan,roundabout
42041718,859543703,0,"[490065921, 6779751, 6779755, 6777005, 6779757, 6779737, 27195291, 435722621, 435722623]",True,"['2', '3']",A2,motorway,100,False,2085.028,"[259, 273, 284, 285, 2467, 2468, 170, 1706, 172, 301, 187, 959, 196, 1606, 200, 210, 99, 1259, 1262, 1263, 1267, 250, 254]",31,100.0,0.021,yes,3.6785714285714284,1.0,2.977777777777778,1.0,"[nan, nan, nan, nan, nan, nan, nan, nan, 6078.0, nan, nan, 13214.0, 14361.0, nan, nan, 21834.0, nan, nan, nan, nan, nan, 57827.0, 29168.0]",142482.0,"[nan, nan, nan, nan, nan, nan, nan, nan, 8357.0, nan, nan, 13214.0, 14361.0, nan, nan, 21834.0, nan, 6506.0, nan, nan, nan, 57827.0, 30145.0]",152244.0,nan,nan
42041718,1470642590,0,"[1333271496, 1333271497, 6777006, 390464799]",True,1,A2,motorway_link,"['50', '100', '80']",False,416.6689999999999,"[2688, 272, 274, 283, 286, 291, 296, 302, 2114, 1731, 2115, 2117, 2116, 2118, 1001, 2674, 1019, 2684, 2685, 2686, 2687]",32,77.0,0.005,nan,1.7222222222222223,1.0,4.351351351351352,1.0,"[nan, 1116.0, 1438.0, nan, nan, nan, nan, nan, 240.0, nan, 129.0, 249.0, 422.0, 129.0, nan, 188.0, nan, nan, nan, nan, nan]",3911.0,"[3542.0, 2297.0, 2109.0, nan, nan, nan, nan, nan, 1198.0, nan, 560.0, 746.0, 1507.0, 643.0, 1649.0, 938.0, nan, nan, nan, nan, nan]",15189.0,nan,nan
42041718,42069836,0,"[390464800, 951700993, 6777640, 6777642, 6777645, 6777677, 205506840, 763192827, 763192828]",True,"['2', '3']",A2,motorway,100,False,3705.3169999999996,"[388, 1029, 2054, 1031, 2055, 393, 1034, 395, 1035, 1037, 1043, 1049, 1050, 411, 1052, 1051, 418, 938, 939, 1588, 441, 443, 449, 451, 453, 973, 462, 975, 976, 465, 977, 2259, 336, 2262, 2263, 2264, 2265, 2266, 345, 2268, 2269, 2270, 2271, 353, 354, 483, 355, 357, 359, 360, 2154, 2155, 2156, 362, 878, 1264, 368, 374, 1784, 1785, 895]",37,100.0,0.037,yes,2.3447761194029852,1.0,2.883695652173913,1.0,"[nan, 2806.0, 16260.0, nan, 5232.0, 1803.0, nan, 3332.0, nan, 3409.0, 5408.0, 4932.0, nan, 73333.0, 10938.0, 10501.0, 16463.0, nan, nan, 103641.0, 12681.0, 15813.0, nan, nan, nan, nan, nan, 15205.0, 23583.0, nan, 7275.0, nan, 49262.0, nan, 2349.0, nan, nan, nan, 1599.0, 3198.0, 2362.0, 4630.0, 16214.0, nan, nan, nan, nan, nan, 4436.0, nan, nan, nan, nan, nan, 8520.0, 19183.0, nan, nan, 14533.0, 17701.0, 32742.0]",509344.0,"[26271.0, 4560.0, 9756.0, nan, 8299.0, 3770.0, nan, 6313.0, nan, 3409.0, 5408.0, 4932.0, nan, 77154.0, 18890.0, 18334.0, 17345.0, nan, nan, 185273.0, 22054.0, 15497.0, nan, nan, nan, nan, nan, 16087.0, 31725.0, nan, 10392.0, nan, 52317.0, nan, 4111.0, 2600.0, nan, nan, 2908.0, 4478.0, 4474.0, 8995.0, 28999.0, nan, nan, nan, nan, nan, 4436.0, nan, nan, nan, nan, nan, 14378.0, 19542.0, nan, nan, 19653.0, 23918.0, 34618.0]",710896.0,nan,nan
42043135,42044633,0,763192826,True,3,A2,motorway,100,False,220.131,313,33,100.0,0.002,nan,,1.0,,1.0,[nan],0.0,[nan],0.0,nan,nan
42043135,42043228,0,"[1037528572, 1094531558]",True,1,A2,motorway_link,100,False,53.398999999999994,"[1904, 314, 315]",34,100.0,0.001,nan,,1.0,,1.0,"[nan, nan, nan]",0.0,"[nan, nan, nan]",0.0,nan,nan
42043917,42044633,0,"[1094531556, 1037528573]",True,1,A2,motorway_link,100,False,51.792,"[320, 1021, 1047]",35,100.0,0.001,nan,,1.0,,1.0,"[nan, nan, nan]",0.0,"[nan, nan, nan]",0.0,nan,nan
42044633,4343161072,0,"[951700992, 329197446, 329197449, 6777644, 6777655, 6777652, 509091284, 763192823, 763192824, 763192825, 198035738, 6777660]",True,"['2', '4', '3']",A2,motorway,100,False,3670.6809999999987,"[896, 385, 2051, 2052, 2053, 389, 392, 394, 1048, 410, 2203, 1053, 414, 417, 419, 936, 937, 1579, 1844, 440, 442, 448, 450, 1730, 452, 456, 329, 459, 972, 974, 1489, 1490, 2258, 2260, 468, 2267, 348, 356, 358, 361, 1132, 1261, 877, 367, 1905, 1906, 1907, 1908, 1909, 1910, 371, 506]",36,100.0,0.037,yes,1.7357142857142858,1.0,1.8365180467091295,1.0,"[nan, nan, 10411.0, nan, 9402.0, nan, nan, nan, nan, nan, nan, nan, nan, 30447.0, 13383.0, nan, nan, nan, nan, 14437.0, 25152.0, nan, nan, nan, nan, nan, nan, nan, nan, nan, 10156.0, nan, nan, nan, 19821.0, nan, nan, nan, nan, nan, nan, nan, nan, nan, 9499.0, 9320.0, nan, nan, nan, nan, nan, 12314.0]",164342.0,"[22634.0, nan, 8850.0, 4373.0, 10074.0, nan, nan, nan, nan, nan, 5737.0, 4042.0, nan, 28605.0, 16060.0, nan, nan, nan, 18509.0, 15845.0, 33474.0, nan, nan, 26898.0, nan, nan, nan, nan, nan, nan, 10721.0, nan, 6303.0, nan, 31944.0, nan, 7821.0, 5946.0, nan, 5242.0, 4393.0, nan, nan, 11223.0, 9974.0, 9320.0, 12781.0, 4409.0, nan, 12322.0, 31946.0, 14737.0]",374183.0,nan,nan
42069836,42072479,0,6777651,True,1,A2,motorway_link,130,False,449.331,"[1152, 533, 2366, 2367, 2368, 2369, 2370, 2371, 2372, 2373, 2374, 2375, 484, 489, 492, 499, 500, 1013, 1014, 505]",42,130.0,0.003,nan,1.0,1.0,1.3055555555555556,1.0,"[nan, nan, nan, nan, nan, nan, nan, nan, 1071.0, 566.0, nan, nan, nan, nan, nan, 1431.0, nan, nan, nan, nan]",3068.0,"[nan, nan, nan, nan, nan, 1963.0, nan, 1430.0, 1786.0, 566.0, nan, nan, nan, nan, nan, 2003.0, 499.0, nan, nan, nan]",8247.0,nan,nan
42069836,42074992,0,"[6777640, 6777658, 947375147]",True,2,A2,motorway,100,False,911.05,"[1028, 619, 940, 528, 658, 565, 507]",49,100.0,0.009,yes,1.5797872340425532,1.0,2.0494186046511627,1.0,"[9301.0, 14202.0, 29726.0, 12034.0, 8244.0, nan, 60236.0]",133743.0,"[12863.0, 22547.0, 43798.0, 15629.0, 8244.0, 13287.0, 98624.0]",214992.0,nan,nan
42071903,42071918,0,6777633,False,5,nan,secondary,80,True,11.43,503,40,80.0,0.0,nan,,1.0,,1.0,[nan],0.0,[nan],0.0,Europalaan,nan
42071903,42075122,0,"[1094542816, 332731577]",True,1,A2,motorway_link,130,False,520.915,"[1033, 1168, 1042, 1046, 1054, 550, 552, 2346, 2347, 2348, 2349, 555, 2350, 2351, 2352, 2353, 563, 2354, 2355, 2356, 2357, 2358, 2359, 2360, 2361, 591, 602, 607, 613, 626, 502, 632, 1022]",39,130.0,0.004,nan,2.176470588235294,1.0,2.1615384615384614,1.0,"[918.0, 6820.0, nan, 717.0, nan, nan, nan, nan, nan, nan, nan, nan, nan, nan, 1871.0, nan, nan, nan, nan, nan, nan, 412.0, nan, nan, nan, 494.0, 504.0, nan, 574.0, nan, 3074.0, nan, nan]",15384.0,"[1442.0, 9155.0, 4283.0, 807.0, 546.0, nan, nan, 515.0, nan, nan, nan, nan, nan, 378.0, 2265.0, 929.0, nan, nan, nan, 565.0, nan, 824.0, nan, 501.0, nan, 593.0, 504.0, nan, 1033.0, 775.0, 3312.0, 5006.0, nan]",33433.0,nan,nan
42071918,42072479,0,"[720129192, 447136707, 1095938421, 720129191]",False,"['5', '4', '3']",nan,secondary,80,True,230.079,"[2049, 1989, 1990, 2324, 534, 2425, 2718]",43,80.0,0.003,nan,1.0,1.0,1.5862068965517242,1.0,"[nan, 82.0, nan, nan, nan, 35.0, nan]",117.0,"[nan, 127.0, nan, nan, nan, 62.0, nan]",189.0,Europalaan,nan
42071918,4343161072,0,"[72369768, 436425506, 436425508, 436425509]",True,"['4', '1', '3']",A2,motorway_link,100,False,437.0609999999999,"[2050, 1038, 1039, 1041, 1169, 2327, 2328, 2329, 2330, 2331, 2332, 2333, 2334, 2335, 544, 2336, 2337, 2338, 2339, 2341, 2340, 935, 2342, 2343, 2344, 551, 2345, 558, 561, 564, 568, 571, 572, 575, 576, 577, 578, 547, 1609, 1611, 1612, 1613, 1020]",109,100.0,0.004,yes,1.125,1.0,1.795774647887324,1.0,"[nan, nan, nan, nan, nan, 647.0, nan, nan, nan, 332.0, 506.0, nan, 329.0, nan, nan, 386.0, 357.0, 406.0, 271.0, 232.0, nan, nan, nan, nan, nan, nan, nan, nan, nan, 490.0, nan, 354.0, 311.0, nan, 468.0, 339.0, 491.0, 960.0, nan, nan, nan, 896.0, nan]",7775.0,"[369.0, 985.0, nan, 765.0, 1224.0, 647.0, nan, 912.0, 829.0, 664.0, 1433.0, 736.0, 823.0, 628.0, 901.0, 1004.0, 981.0, 837.0, 271.0, 464.0, 215.0, 761.0, nan, nan, nan, nan, 444.0, 1139.0, nan, 1285.0, nan, 884.0, 311.0, nan, 1047.0, 1016.0, 982.0, 960.0, nan, nan, 3369.0, 1343.0, 388.0]",28617.0,nan,nan
42072479,42074033,0,"[1095938425, 6777563, 1095938422]",False,"['4', '2', '3']",nan,secondary,80,True,280.996,"[1158, 2326, 539, 541, 549, 554, 1082, 570, 1084, 581, 590, 600, 1629, 1631, 1633, 2160, 2162, 2035, 2164, 2037, 2166, 2039, 2041, 2043, 2045, 2047]",46,80.0,0.004,nan,,1.0,,1.0,"[nan, nan, nan, nan, nan, nan, nan, nan, nan, nan, nan, nan, nan, nan, nan, nan, nan, nan, nan, nan, nan, nan, nan, nan, nan, nan]",0.0,"[nan, nan, nan, nan, nan, nan, nan, nan, nan, nan, nan, nan, nan, nan, nan, nan, nan, nan, nan, nan, nan, nan, nan, nan, nan, nan]",0.0,Europalaan,nan
42072479,42074992,0,"[6777688, 436425507, 436425510, 1094542815]",True,"['2', '1', '3']",A2,motorway_link,100,False,483.973,"[608, 1729, 579, 584, 1614, 1615, 562, 659, 2322, 1170, 598, 633, 2363, 2364, 2365]",50,100.0,0.005,nan,1.0,1.0,1.0294117647058822,1.0,"[nan, nan, nan, nan, 1837.0, nan, nan, 4208.0, nan, nan, nan, nan, nan, nan, nan]",6045.0,"[nan, nan, nan, 931.0, 1979.0, nan, nan, 4208.0, nan, nan, 2815.0, nan, nan, nan, nan]",9933.0,nan,nan
42074033,42082276,0,"[6772935, 504506832, 6777554, 6773045, 6777558, 720127925, 164725497, 6773022]",False,"['2', '3']",nan,secondary,"['50', '80']",True,2076.829999999999,"[1056, 1058, 1064, 1072, 1074, 1076, 1078, 1080, 610, 618, 1645, 625, 1154, 1163, 2702, 1167, 2704, 657, 2706, 2708, 2710, 2712, 2714, 2716, 2724, 680, 1714, 1717, 708, 710, 2247, 712, 1225, 716, 720, 724, 1239, 730, 734, 738, 742, 744, 746, 753, 758, 762, 770, 779, 792, 799, 803, 812, 816, 818, 824, 826, 832, 838, 842, 1870, 1922, 1999, 2001, 2003, 2005, 2007, 2009, 2011, 2013, 2015, 2017, 995, 2019, 2021, 2023, 2025, 2027, 2029, 2031, 2033]",54,65.0,0.032,nan,3.284569138276553,1.0,4.010159651669086,1.0,"[nan, 43.0, 88.0, 39.0, 42.0, nan, nan, 29.0, nan, nan, nan, nan, nan, nan, 41.0, nan, nan, nan, 12.0, 43.0, 315.0, 44.0, 64.0, 95.0, 101.0, nan, 44.0, 15.0, nan, nan, 34.0, nan, nan, nan, nan, nan, 53.0, nan, nan, 182.0, nan, 85.0, 143.0, 161.0, 118.0, nan, nan, 14.0, 79.0, 62.0, 388.0, 75.0, 143.0, 187.0, 53.0, 131.0, nan, 85.0, 35.0, 46.0, 318.0, nan, nan, nan, nan, nan, nan, nan, nan, nan, nan, 152.0, 181.0, nan, nan, nan, nan, nan, 19.0, nan]",3759.0,"[nan, 209.0, 113.0, 79.0, 42.0, nan, nan, 141.0, nan, nan, nan, nan, nan, nan, 93.0, nan, 148.0, 160.0, 58.0, 162.0, 423.0, 46.0, 64.0, 113.0, 120.0, nan, 61.0, 22.0, nan, nan, 43.0, nan, nan, nan, nan, 28.0, 58.0, nan, nan, 148.0, 29.0, 141.0, 143.0, 208.0, 119.0, nan, 165.0, 68.0, 84.0, 62.0, 501.0, 104.0, 174.0, 248.0, 69.0, 178.0, nan, 70.0, 35.0, 120.0, 407.0, nan, nan, 17.0, 34.0, nan, nan, nan, 13.0, nan, nan, 152.0, 179.0, 22.0, 12.0, nan, nan, nan, 36.0, nan]",5721.0,"['Maastrichterlaan', 'Hoogkuil']",nan
42074033,1755091299,0,"[6777601, 938735506, 1239932983]",False,nan,nan,secondary,"['50', '60', '80']",False,833.6990000000001,"[512, 514, 1155, 519, 1160, 524, 526, 529, 531, 536, 545, 1189, 2600, 2602, 2604, 2606, 559, 1199, 2608, 2610, 1203, 2612, 2614, 2616, 2618, 2620, 2622, 2624, 1217, 2626, 1219, 2628, 1223, 587, 592, 594, 1624, 1626, 603, 605, 1634, 1636, 1638, 1640, 1642, 508, 510]",82,63.0,0.013,nan,1.6962025316455696,1.0,1.9578947368421054,1.0,"[17.0, nan, 51.0, 47.0, nan, nan, nan, nan, 19.0, nan, 68.0, 21.0, nan, nan, nan, nan, 121.0, nan, nan, nan, 22.0, 39.0, nan, nan, nan, nan, nan, nan, nan, nan, nan, nan, nan, 28.0, nan, nan, 81.0, 28.0, nan, nan, 92.0, 37.0, 27.0, 35.0, nan, nan, 27.0]",760.0,"[17.0, nan, 55.0, 44.0, nan, nan, nan, nan, 26.0, 16.0, 107.0, 32.0, nan, nan, nan, nan, 139.0, nan, nan, nan, 22.0, 43.0, 31.0, nan, nan, nan, nan, nan, nan, nan, nan, nan, nan, 38.0, nan, nan, 99.0, 36.0, nan, nan, 110.0, 37.0, 27.0, 35.0, nan, nan, 30.0]",944.0,Cruisboomveld,nan
42074695,2066650883,0,"[6772928, 347330697, 6772929, 347330700]",False,nan,nan,secondary,"['50', '80']",True,988.003,"[641, 772, 637, 2567, 777, 2569, 2571, 781, 2573, 2575, 2577, 2579, 1300, 2581, 661, 2583, 2585, 2587, 2589, 669, 2591, 2593, 2595, 2597, 2599, 684, 686, 2486, 1719, 2488, 2490, 698, 702, 704, 1228, 718, 1617, 1110, 1241, 1244, 1246, 736, 2657, 2659, 740, 2661, 1254, 1253, 750, 756, 760, 764, 765, 767]",88,65.0,0.015,nan,1.7647058823529411,1.0,2.2536585365853656,1.0,"[nan, 42.0, nan, nan, 15.0, nan, nan, nan, nan, 29.0, 18.0, 27.0, nan, nan, nan, nan, nan, nan, nan, 15.0, nan, nan, nan, nan, nan, 37.0, nan, nan, nan, 68.0, 200.0, nan, nan, nan, nan, nan, nan, nan, nan, nan, nan, nan, 105.0, 6.0, nan, nan, 51.0, nan, nan, nan, nan, 40.0, 91.0, 11.0]",755.0,"[nan, 79.0, nan, nan, 13.0, nan, nan, 115.0, nan, 55.0, 27.0, 52.0, nan, 18.0, nan, 15.0, nan, nan, nan, 15.0, nan, nan, nan, nan, nan, 74.0, nan, 14.0, nan, 100.0, 240.0, nan, nan, nan, 33.0, nan, nan, nan, nan, nan, 14.0, nan, 116.0, 13.0, nan, 7.0, 68.0, nan, nan, nan, nan, 22.0, 120.0, 20.0]",1230.0,Adsteeg,nan
42074992,42078554,0,"[6777681, 6777683, 1094542812]",True,3,A2,motorway,100,False,636.261,"[2408, 745, 774, 751]",52,100.0,0.006,yes,1.0,1.0,1.0,1.0,"[nan, 44458.0, nan, nan]",44458.0,"[nan, 44458.0, nan, nan]",44458.0,nan,nan
42075122,42084346,0,"[6773088, 163556623, 6777680, 6777682, 163556989, 1094542814]",True,"['2', '3']",A2,motorway,100,False,1596.1529999999998,"[773, 1171, 1174, 797, 676, 807, 942, 943, 944, 945, 1974, 1975, 1977, 835, 1227, 852, 2409, 748, 754]",51,100.0,0.016,yes,1.0,1.0,1.06,1.0,"[nan, nan, nan, nan, nan, nan, 12270.0, nan, nan, nan, nan, nan, nan, nan, nan, nan, 1308.0, 5688.0, nan]",19266.0,"[nan, nan, nan, nan, 43275.0, nan, 12270.0, nan, 12158.0, nan, nan, nan, nan, nan, nan, 8156.0, 1308.0, 7111.0, nan]",84278.0,nan,nan
42075122,4343161072,0,"[947375148, 509091285]",True,2,A2,motorway,100,False,469.54,"[1024, 616, 1610, 522, 2410, 941, 1036, 2362]",110,100.0,0.005,yes,,1.0,1.0,1.0,"[nan, nan, nan, nan, nan, nan, nan, nan]",0.0,"[nan, nan, nan, nan, nan, 9437.0, nan, 6413.0]",15850.0,nan,nan
42078554,364718988,0,"[163556624, 1094543643, 163556988]",True,2,A2,motorway,100,False,447.56899999999996,"[800, 782, 1172, 949, 886, 1175, 1976]",60,100.0,0.004,yes,,1.0,,1.0,"[nan, nan, nan, nan, nan, nan, nan]",0.0,"[nan, nan, nan, nan, nan, nan, nan]",0.0,nan,nan
42078554,3730310133,0,"[1094542813, 1037610686]",True,1,A2,motorway_link,130,False,98.477,"[1728, 1580, 775]",108,130.0,0.001,nan,,1.0,,1.0,"[nan, nan, nan]",0.0,"[nan, nan, nan]",0.0,nan,nan
42080187,364718988,0,"[781521675, 163556627, 6777670]",True,1,A2,motorway_link,100,False,106.888,"[808, 885, 1173, 887, 1176]",59,100.0,0.001,yes,,1.0,,1.0,"[nan, nan, nan, nan, nan]",0.0,"[nan, nan, nan, nan, nan]",0.0,nan,nan
42082276,1694982268,0,"[6773008, 509398743]",False,4,nan,secondary,50,True,68.97999999999999,"[2377, 2379, 2381, 1069, 2383, 1135, 2681]",79,50.0,0.001,nan,1.0,1.0,2.5625,1.0,"[nan, nan, nan, nan, nan, nan, 41.0]",41.0,"[11.0, 18.0, 5.0, 9.0, 21.0, 40.0, 144.0]",248.0,Wolfeynde,nan
42082276,2066650880,0,"[6772999, 463662860, 1012211279, 6773048, 196323453]",False,3,nan,secondary,50,False,492.98699999999997,"[1923, 2692, 1925, 1927, 795, 2076, 801, 2213, 805, 2215, 809, 813, 820, 821, 827, 830, 1726, 833, 839, 1622, 2652, 1249, 1256]",86,50.0,0.01,nan,4.613924050632911,1.0,4.9156626506024095,1.0,"[29.0, 155.0, 58.0, 17.0, 95.0, 56.0, 74.0, 154.0, 44.0, 74.0, 178.0, 358.0, 60.0, 194.0, 207.0, 145.0, 99.0, 169.0, 96.0, 190.0, 80.0, 11.0, 136.0]",2679.0,"[29.0, 155.0, 58.0, 75.0, 218.0, 56.0, 74.0, 154.0, 44.0, 74.0, 178.0, 358.0, 60.0, 194.0, 207.0, 145.0, 99.0, 172.0, 107.0, 213.0, 80.0, 51.0, 136.0]",2937.0,"['Brugstraat', 'Raadhuisstraat']",nan
298438528,9646055863,0,1095936809,True,1,nan,secondary,50,False,33.428,"[2436, 2435, 876]",57,50.0,0.001,nan,1.0,1.0,3.0,1.0,"[nan, 16.0, nan]",16.0,"[31.0, 54.0, 24.0]",109.0,Maastrichterweg,nan
298438528,9646055861,0,1095936808,True,1,nan,secondary,50,False,33.221,"[2433, 2282, 2434]",120,50.0,0.001,nan,,1.0,1.7894736842105263,1.0,"[nan, nan, nan]",0.0,"[27.0, 16.0, 22.0]",65.0,Maastrichterweg,nan
355917887,4980868656,0,"[1094519680, 1094519681, 1094518829, 6778694]",True,"['2', '1', '3']",A79,"['motorway', 'motorway_link']",100,False,1160.3159999999998,"[2212, 43, 46, 879, 81, 2387, 2389, 2390, 56, 1599]",58,100.0,0.012,nan,1.0,1.0,1.0,1.0,"[16179.0, nan, nan, nan, nan, 16115.0, nan, nan, nan, nan]",32294.0,"[16179.0, nan, nan, nan, nan, 16115.0, nan, nan, nan, nan]",32294.0,nan,nan
355917887,6284808447,0,"[6778696, 1094519682, 1356676043]",True,1,A79,motorway_link,"['130', '80']",False,814.7999999999998,"[133, 2700, 150, 919, 1943, 920, 921, 2208, 2209, 2210, 1713, 2236, 2237, 2240, 2241, 2242, 2243, 2244, 2256, 88, 89, 91, 93, 104, 105, 106, 107, 108, 1137, 1139, 1140, 125]",113,105.0,0.008,nan,,1.0,,1.0,"[nan, nan, nan, nan, nan, nan, nan, nan, nan, nan, nan, nan, nan, nan, nan, nan, nan, nan, nan, nan, nan, nan, nan, nan, nan, nan, nan, nan, nan, nan, nan, nan]",0.0,"[nan, nan, nan, nan, nan, nan, nan, nan, nan, nan, nan, nan, nan, nan, nan, nan, nan, nan, nan, nan, nan, nan, nan, nan, nan, nan, nan, nan, nan, nan, nan, nan]",0.0,nan,nan
364718988,8575829417,0,"[6777666, 1094543644]",True,"['2', '3']",A2,motorway,100,False,577.867,"[866, 836, 2407, 946, 947, 948, 853, 1973, 2167]",116,100.0,0.006,nan,,1.0,1.6210526315789473,1.0,"[nan, nan, nan, nan, nan, nan, nan, nan, nan]",0.0,"[nan, nan, nan, nan, 12530.0, nan, 20786.0, 5646.0, nan]",38962.0,nan,nan
672173771,10036651817,0,6779700,True,1,nan,secondary,50,False,7.24,"[2273, 2291, 220, 909]",61,50.0,0.0,nan,3.0,1.0,4.0,1.0,"[5.0, 7.0, 5.0, 8.0]",25.0,"[6.0, 9.0, 7.0, 10.0]",32.0,nan,roundabout
672173771,931755857,0,1095936800,True,1,nan,secondary,50,False,36.698,"[2430, 2429, 910, 2690]",62,50.0,0.001,nan,2.6666666666666665,1.0,4.541666666666667,1.0,"[19.0, 21.0, 45.0, 27.0]",112.0,"[23.0, 58.0, 56.0, 48.0]",185.0,Maastrichterweg,nan
672173771,9646055863,0,6779700,True,1,nan,secondary,50,False,24.984,"[1962, 907, 2284, 2285, 2286, 2287, 2288, 908, 2289, 2290, 214, 216, 218]",121,50.0,0.0,nan,2.6875,1.0,4.294117647058823,1.0,"[3.0, 4.0, 3.0, 3.0, 3.0, 6.0, 8.0, 7.0, 8.0, 8.0, 3.0, 8.0, 7.0]",71.0,"[8.0, 7.0, 8.0, 7.0, 8.0, 10.0, 11.0, 11.0, 11.0, 10.0, 7.0, 11.0, 9.0]",118.0,nan,roundabout
847933557,847933560,0,71234475,True,nan,nan,secondary,50,False,39.964999999999996,"[1025, 1733, 926]",64,50.0,0.001,nan,5.0,1.0,5.0,1.0,"[51.0, 81.0, 108.0]",240.0,"[51.0, 81.0, 108.0]",240.0,Bunderstraat,nan
847933557,6153690991,0,509397985,True,nan,nan,secondary,50,False,80.766,"[1734, 1885, 1045, 251, 253]",112,50.0,0.002,nan,5.0,1.0,5.0,1.0,"[46.0, 68.0, 113.0, 103.0, 154.0]",484.0,"[46.0, 68.0, 113.0, 103.0, 154.0]",484.0,Bunderstraat,nan
847933560,1470642590,0,"[720131696, 71234475, 176191796, 720131695]",True,nan,nan,secondary,50,False,121.624,"[2304, 258, 1027, 260, 1030, 263, 264, 927, 2464, 2721, 929, 2722, 1964, 1965, 1966, 1967, 1972, 965, 1230, 1231, 997, 1782, 2555, 2556, 1023]",65,50.0,0.002,nan,4.072727272727272,1.0,5.0,1.0,"[62.0, nan, 33.0, 9.0, 20.0, 3.0, 2.0, 52.0, 21.0, 31.0, 23.0, 19.0, nan, 3.0, 17.0, 118.0, 34.0, 3.0, 3.0, nan, 5.0, 36.0, nan, 2.0, 23.0]",519.0,"[78.0, 21.0, 33.0, 23.0, 20.0, 16.0, 9.0, 52.0, 21.0, 31.0, 23.0, 19.0, 10.0, 17.0, 28.0, 128.0, 38.0, 14.0, 17.0, 27.0, 24.0, 36.0, 10.0, 9.0, 24.0]",728.0,Bunderstraat,roundabout
847933560,6153690991,0,71234476,True,nan,nan,secondary_link,50,False,45.454000000000015,"[928, 2560, 930, 931, 932, 1955, 2561, 1018, 2558, 2559]",66,50.0,0.001,nan,5.0,1.0,5.0,1.0,"[48.0, 7.0, 18.0, 54.0, 7.0, 8.0, 7.0, 28.0, 82.0, 13.0]",272.0,"[48.0, 7.0, 18.0, 54.0, 7.0, 8.0, 7.0, 28.0, 82.0, 13.0]",272.0,Bunderstraat,nan
859543703,2587147871,0,"[490065922, 6779107, 951696835, 284802954, 284803024]",True,"['2', '3']",A2,motorway,100,False,492.062,"[1349, 1414, 1350, 1351, 1353, 1354, 1355, 1356, 1708, 1358, 1618, 1823, 1334, 1336, 2202, 956, 1343]",67,100.0,0.005,yes,1.0,1.0,1.5454545454545454,1.0,"[4505.0, nan, nan, nan, nan, nan, nan, nan, nan, nan, nan, 3424.0, nan, nan, nan, nan, nan]",7929.0,"[4505.0, 3454.0, nan, 3768.0, nan, nan, nan, nan, nan, nan, nan, 6849.0, nan, nan, nan, nan, nan]",18576.0,nan,nan
859543703,3441582565,0,"[587459361, 294298502, 284802950, 294298503]",True,"['2', '1']",A2,motorway_link,100,False,525.486,"[2170, 1770, 1707, 1646, 1301, 1302, 1303, 1305, 1306, 1307, 957, 1502, 1503]",68,100.0,0.005,viaduct,1.9,1.0,2.5806451612903225,1.0,"[nan, nan, nan, nan, nan, nan, 6269.0, 1746.0, 2148.0, nan, nan, nan, 5103.0]",15266.0,"[nan, nan, nan, nan, 3738.0, 1832.0, 6269.0, 4059.0, 2148.0, nan, nan, nan, 5632.0]",23678.0,nan,nan
859543718,10036651839,0,1095936814,True,1,nan,secondary,50,False,31.35,"[2439, 2440, 971, 1881, 2460]",70,50.0,0.001,nan,1.1538461538461537,1.0,3.5652173913043477,1.0,"[nan, 12.0, 11.0, 5.0, 3.0]",31.0,"[20.0, 36.0, 37.0, 18.0, 11.0]",122.0,Maastrichterweg,nan
859543718,9646103568,0,6779704,True,1,nan,secondary,50,False,23.619,"[2310, 2311, 2312, 2313, 969, 2314, 2315, 237, 234, 2316, 881, 1044]",122,50.0,0.0,nan,1.5,1.0,3.6363636363636362,1.0,"[nan, nan, nan, nan, nan, nan, 3.0, nan, 4.0, 3.0, nan, 2.0]",12.0,"[4.0, 6.0, 7.0, 12.0, 4.0, 6.0, 10.0, 6.0, 10.0, 10.0, 4.0, 9.0]",88.0,Knooppunt Hoolhuis,roundabout
860028311,10024605460,0,"[435551040, 6779081, 6779083, 948868235, 6779085, 6779088]",True,2,A79,motorway,100,False,1167.0210000000002,"[129, 134, 138, 139, 140, 141, 2199, 1589, 1590, 1592, 1593, 1594, 979, 983, 87, 984, 2395, 1128, 109, 111, 117, 120]",71,100.0,0.012,yes,,1.0,,1.0,"[nan, nan, nan, nan, nan, nan, nan, nan, nan, nan, nan, nan, nan, nan, nan, nan, nan, nan, nan, nan, nan, nan]",0.0,"[nan, nan, nan, nan, nan, nan, nan, nan, nan, nan, nan, nan, nan, nan, nan, nan, nan, nan, nan, nan, nan, nan]",0.0,nan,nan
860028311,10024583900,0,"[435551041, 1094518827, 6778693, 27283429]",True,"['2', '3']",A79,motorway,100,False,1224.9279999999999,"[2211, 2157, 2158, 47, 48, 49, 2391, 2392, 1595, 59, 1598]",123,100.0,0.012,nan,1.9228295819935692,1.0,2.1451612903225805,1.0,"[8581.0, 12608.0, 6896.0, nan, 5910.0, 32676.0, 23139.0, nan, 33375.0, 81681.0, 14881.0]",219747.0,"[8611.0, 8983.0, 8046.0, nan, 9671.0, 38338.0, 29144.0, nan, 35703.0, 99708.0, 21662.0]",259866.0,nan,nan
931725785,8626619502,0,182723360,True,nan,nan,secondary,50,False,10.161,"[1944, 2193, 2188, 2173]",117,50.0,0.0,nan,,1.0,,1.0,"[nan, nan, nan, nan]",0.0,"[nan, nan, nan, nan]",0.0,Witte Hoek,roundabout
931755857,10036651839,0,6779708,False,2,nan,secondary,50,True,186.399,"[224, 228, 1736, 2444, 2293, 1142, 2295, 2297, 2299, 2301, 2303]",126,50.0,0.004,nan,1.9,1.0,2.735042735042735,1.0,"[138.0, nan, 20.0, nan, nan, 58.0, 30.0, 15.0, 53.0, 121.0, nan]",435.0,"[125.0, 9.0, 43.0, 10.0, 28.0, 88.0, 91.0, 33.0, 120.0, 56.0, 9.0]",612.0,Maastrichterweg,nan
931755857,10036651817,0,1095936799,True,1,nan,secondary,50,False,36.754000000000005,"[1000, 2113, 2691, 2428]",75,50.0,0.001,nan,2.0,1.0,3.962962962962963,1.0,"[15.0, 34.0, 11.0, 20.0]",80.0,"[54.0, 48.0, 16.0, 44.0]",162.0,Maastrichterweg,nan
1694982268,7197169638,0,"[6773063, 506720936, 506720937, 6773037, 1012211281, 1381044020]",False,"['2', '3']",nan,secondary,50,True,494.15099999999995,"[2056, 2697, 1952, 1954, 1060, 1062, 1065, 1068, 1720, 1722, 1725, 847, 1874, 1876, 855, 857, 863, 865, 868, 870, 2679, 2683]",114,50.0,0.01,nan,3.4215686274509802,1.0,4.225806451612903,1.0,"[417.0, nan, 27.0, 282.0, 11.0, 15.0, 27.0, nan, 10.0, 105.0, 111.0, 33.0, 7.0, 8.0, 28.0, 27.0, 69.0, nan, 128.0, 201.0, 5.0, 15.0]",1526.0,"[417.0, 62.0, 34.0, 350.0, 30.0, 35.0, 38.0, 4.0, 17.0, 356.0, 149.0, 51.0, 20.0, 23.0, 35.0, 63.0, 152.0, 91.0, 154.0, 201.0, 10.0, 33.0]",2325.0,Stationstraat,nan
1694982268,2393656555,0,"[460737091, 6773062, 6773038, 6773040, 6773079]",False,"['2', '3']",nan,secondary,50,True,399.276,"[2726, 2695, 872, 2248, 2699, 845, 1872, 849, 851, 1332, 858, 861, 1311]",95,50.0,0.008,nan,1.144578313253012,1.0,1.5578947368421052,1.0,"[3.0, 11.0, nan, nan, 48.0, nan, 119.0, nan, 18.0, 40.0, 127.0, 47.0, nan]",413.0,"[6.0, 11.0, nan, nan, 70.0, 35.0, 192.0, nan, 23.0, 40.0, 164.0, 70.0, nan]",611.0,"['Prins Mauritslaan', 'Wolfeynde']",nan
1749457312,1755091299,0,"[1239932984, 1239932985]",True,nan,nan,secondary,50,False,108.69500000000001,"[1220, 2634, 2635, 2636, 2637, 2638, 2639, 2644, 2645, 2646, 2647, 2648, 2649]",83,50.0,0.002,nan,,1.0,,1.0,"[nan, nan, nan, nan, nan, nan, nan, nan, nan, nan, nan, nan, nan]",0.0,"[nan, nan, nan, nan, nan, nan, nan, nan, nan, nan, nan, nan, nan]",0.0,"['Hussenbergstraat', 'Cruisboomveld']",nan
1912827603,3475088037,0,"[587459370, 215573159]",True,"['1', '3']",A79,motorway_link,100,False,261.072,"[1291, 1293, 1294, 1583, 2127, 1585, 1587, 1236]",84,100.0,0.003,nan,3.268292682926829,1.0,4.836734693877551,1.0,"[nan, nan, nan, 3081.0, nan, 4766.0, nan, 4156.0]",12003.0,"[nan, nan, nan, 4053.0, nan, 7389.0, 4101.0, 6679.0]",22222.0,nan,nan
2066650880,2066650883,0,"[71144648, 6772956, 420383492]",True,nan,nan,secondary,50,False,30.784000000000006,"[902, 903, 904, 784, 785, 787, 790, 793, 794, 2221, 2222, 2223, 2224, 2225, 2226, 2227, 2232, 1248, 1251, 1255]",89,50.0,0.001,nan,1.4444444444444444,1.0,2.3684210526315788,1.0,"[nan, nan, 3.0, 4.0, nan, nan, 2.0, 1.0, nan, 4.0, nan, nan, nan, 2.0, 2.0, 2.0, nan, 2.0, nan, 4.0]",26.0,"[6.0, 6.0, 5.0, 4.0, 4.0, 1.0, 4.0, 4.0, 5.0, 5.0, 3.0, 2.0, 1.0, 4.0, 5.0, 5.0, 5.0, 5.0, 1.0, 5.0]",80.0,nan,roundabout
2119022099,3475087790,0,"[340294688, 337060731, 337060728]",True,1,A2,motorway_link,100,False,504.7640000000001,"[1820, 1565, 1827, 1828, 1829, 1830, 1831, 1323, 1324, 1325, 1326, 1327, 1328, 1329, 1330, 1507, 1508, 1509, 1512, 1516, 1517, 1774, 1775, 1776, 1777, 1518, 1519]",106,100.0,0.005,viaduct,3.6911764705882355,1.0,3.621794871794872,1.0,"[nan, 40097.0, nan, nan, 1491.0, 1536.0, 1196.0, nan, 613.0, nan, 1375.0, nan, 1490.0, nan, nan, nan, nan, nan, nan, nan, 458.0, nan, nan, nan, 302.0, 597.0, 1185.0]",50340.0,"[nan, 40639.0, nan, nan, 1491.0, 1536.0, 1510.0, nan, 613.0, nan, 1375.0, 517.0, 1552.0, 452.0, nan, nan, nan, nan, nan, 452.0, 458.0, nan, 415.0, 418.0, 604.0, 1095.0, 1549.0]",54676.0,nan,nan
2178785461,3441582576,0,337060735,False,2,nan,secondary,50,True,8.794,1535,102,50.0,0.0,nan,,1.0,,1.0,[nan],0.0,[nan],0.0,Ambyerweg,nan
2178785461,3475087790,0,"[587459369, 294242091]",True,2,nan,primary,50,False,170.67899999999997,"[1539, 1283, 1286, 1287, 1545, 1546, 1419, 1745, 2129, 1877, 1878, 1750, 1380, 1510, 1511, 1513, 1389, 1277, 1279]",92,50.0,0.003,nan,2.6153846153846154,1.0,3.5789473684210527,1.0,"[23.0, 27.0, nan, nan, nan, nan, 31.0, nan, nan, nan, nan, 30.0, nan, nan, nan, nan, nan, nan, nan]",111.0,"[23.0, 43.0, nan, nan, nan, nan, 47.0, 22.0, nan, nan, nan, 23.0, nan, nan, nan, nan, nan, nan, nan]",158.0,Nieuwe Limmelderweg,nan
2178785461,2178785463,0,"[207636099, 587459366]",True,2,nan,primary,50,False,210.069,"[1280, 1281, 1282, 1284, 1289, 2061, 2062, 2063, 2064, 2065, 1298, 2067, 2068, 2069, 2066, 1333, 1768, 1520, 1527, 2168, 1276, 1278]",94,50.0,0.004,nan,3.5483870967741935,1.0,3.375,1.0,"[28.0, nan, nan, 46.0, nan, nan, nan, nan, nan, nan, 16.0, 27.0, nan, 28.0, nan, 192.0, nan, 50.0, nan, 22.0, 14.0, nan]",423.0,"[28.0, nan, 9.0, 48.0, 40.0, nan, nan, nan, nan, nan, 35.0, 40.0, nan, 28.0, 9.0, 192.0, nan, 50.0, nan, 30.0, 14.0, nan]",523.0,Nieuwe Limmelderweg,nan
2178785463,3441582565,0,490065923,True,1,nan,motorway_link,50,False,8.839,1533,101,50.0,0.0,nan,,1.0,,1.0,[nan],0.0,[nan],0.0,nan,nan
2587147852,5257356353,0,456837262,True,3,A2,motorway,100,False,198.97000000000003,"[1338, 1749]",96,100.0,0.002,nan,,1.0,,1.0,"[nan, nan]",0.0,"[nan, nan]",0.0,nan,nan
2587147852,2587147871,0,"[462397447, 284803025, 284803026, 337060730, 337060732]",True,2,A2,motorway,100,False,788.2509999999999,"[1559, 1561, 1562, 1582, 1335, 1337, 1339, 1340, 1341, 1342, 1344, 1345, 1346, 1348, 1740, 1357, 1741, 1743, 1742, 1748, 1753, 1501, 1760]",98,100.0,0.008,viaduct,4.505376344086022,1.0,4.696078431372549,1.0,"[9728.0, nan, 9990.0, 16508.0, 12919.0, nan, nan, nan, nan, nan, 20939.0, nan, nan, nan, nan, nan, nan, nan, nan, 13397.0, 9960.0, nan, 3417.0]",96858.0,"[11350.0, nan, 10159.0, 19260.0, 12919.0, nan, nan, nan, nan, 5605.0, 24760.0, nan, nan, nan, nan, nan, nan, nan, nan, 13397.0, 9960.0, nan, 3689.0]",111099.0,nan,nan
2587147852,2832217848,0,"[369221729, 720205319]",True,1,A79,motorway,100,False,524.524,"[1696, 1505, 1699, 1415, 1578, 1691, 1711, 1367, 1369, 1371, 1692]",100,100.0,0.005,nan,4.330798479087452,1.0,4.637362637362638,1.0,"[16409.0, 27780.0, 27231.0, 36025.0, 33800.0, 15871.0, nan, 17818.0, 22252.0, 4850.0, 18442.0]",220478.0,"[19170.0, 20835.0, 28273.0, 33725.0, 39306.0, 15871.0, nan, 19155.0, 24056.0, 7206.0, 18442.0]",226039.0,nan,nan
3441582565,3441582576,0,"[337060737, 587459365]",True,2,nan,primary,50,False,200.889,"[1536, 2169, 1767, 1522, 1523, 1524, 1525, 2070, 2071, 1528, 1529, 1526, 1530, 1532, 1534]",103,50.0,0.004,nan,4.2272727272727275,1.0,3.323529411764706,1.0,"[27.0, nan, nan, 55.0, 34.0, 47.0, nan, 42.0, 9.0, nan, nan, 191.0, nan, nan, nan]",405.0,"[27.0, 24.0, nan, 55.0, 43.0, 47.0, 9.0, 42.0, 19.0, nan, nan, 214.0, nan, nan, nan]",480.0,Nieuwe Limmelderweg,nan
3475087790,3475088037,0,"[340294690, 340294691, 340294686]",True,"['2', '1']",nan,primary,50,False,88.061,"[2131, 1571, 1564, 1574]",105,50.0,0.002,yes,4.0,1.0,4.0625,1.0,"[nan, nan, 123.0, 148.0]",271.0,"[nan, nan, 127.0, 151.0]",278.0,Nieuwe Limmelderweg,nan
9646055861,9646055863,0,6779700,True,1,nan,secondary,50,False,7.691,"[2281, 906, 211, 2283]",119,50.0,0.0,nan,1.0,1.0,3.4,1.0,"[2.0, 2.0, 2.0, 2.0]",8.0,"[5.0, 8.0, 8.0, 8.0]",29.0,nan,roundabout
9646055861,10036651817,0,6779700,True,1,nan,secondary,50,False,36.11900000000001,"[2272, 2274, 2275, 2276, 2277, 2278, 2279, 2280, 1963, 219, 911, 912, 913, 914, 212, 215, 217, 2427]",125,50.0,0.001,nan,1.5,1.0,2.4444444444444446,1.0,"[nan, nan, nan, nan, nan, nan, 2.0, nan, nan, nan, 4.0, nan, nan, nan, 2.0, nan, nan, 4.0]",12.0,"[4.0, 2.0, nan, 2.0, 6.0, 7.0, 7.0, 7.0, 5.0, 4.0, 6.0, 3.0, 3.0, 7.0, 7.0, 7.0, nan, 7.0]",84.0,nan,roundabout
