ID,u,v,RP10_fr,RP10_ma,alt_nodes,alt_time,avgspeed,bridge,connected,diff_time,edge_fid,hazard,highway,lanes,length,link_id,maxspeed,node_A,node_B,rfid,rfid_c,time,vlh_business_RP10_ma,vlh_commute_RP10_ma,vlh_freight_RP10_ma,vlh_other_RP10_ma,vlh_RP10_ma_total
86,2,42,0.014317872852812477,1.3692126274108887,nan,,58.0,yes,nan,nan,2_42,RP10_ma,tertiary,nan,2582.0,86,nan,2,42,125,6,0.045,0.0,0.0,0.0,0.0,0.0
100,30,82,0.1008080717265549,0.6544582843780518,nan,,30.0,yes,nan,nan,30_82,RP10_ma,tertiary,nan,239.0,100,30,30,82,233,61,0.008,0.0,0.0,0.0,0.0,0.0
264,46,51,0.0026335971267420445,0.766716718673706,nan,,50.0,nan,0,nan,46_51,RP10_ma,secondary,nan,131.0,264,nan,46,51,151,89,0.003,1060.9375000000002,1181.25,240.625,4156.25,6639.0625
58,47,49,0.9325795443656716,7.217376708984375,nan,,58.0,nan,0,nan,47_49,RP10_ma,tertiary,nan,23.0,58,nan,47,49,145,91,0.0,14229.599999999999,20859.3,2182.95,97020.0,134291.84999999998
51,47,50,0.6154224904840293,1.3249706029891968,nan,,58.0,nan,0,nan,47_50,RP10_ma,tertiary,nan,32.0,51,nan,47,50,148,92,0.001,1968.75,5643.75,1859.375,10500.0,19971.875
266,47,160,0.9570509007431214,5.148582458496094,nan,,58.0,nan,0,nan,47_160,RP10_ma,tertiary,nan,230.0,266,nan,47,160,458,93,0.004,1940.4,3880.8,4446.75,80850.0,91117.95
54,48,50,0.06394068792717057,1.1489145755767822,nan,,58.0,nan,0,nan,48_50,RP10_ma,tertiary_link,nan,50.0,54,nan,48,50,149,94,0.001,3631.25,4462.5,1050.0,9625.0,18768.75
59,49,52,1.0,7.973543643951416,nan,,58.0,nan,0,nan,49_52,RP10_ma,tertiary,nan,229.0,59,nan,49,52,154,95,0.004,6144.6,12370.05,2910.6,111573.0,132998.25
189,49,108,0.9925323068450399,8.26990032196045,nan,,58.0,nan,0,nan,49_108,RP10_ma,tertiary,nan,574.0,189,nan,49,108,310,96,0.01,12289.2,18676.35,4365.9,24255.0,59586.45
150,50,76,0.9349504336343348,8.904513359069824,nan,,58.0,nan,0,nan,50_76,RP10_ma,tertiary,nan,547.0,150,nan,50,76,215,97,0.009,4204.2,7519.05,7842.450000000001,59829.0,79394.7
265,51,160,1.0,0.766716718673706,nan,,50.0,nan,0,nan,51_160,RP10_ma,secondary,nan,6.0,265,nan,51,160,459,98,0.0,984.375,426.5625,404.6875,10500.0,12315.625
258,51,132,1.0,0.8116190433502197,nan,,50.0,nan,0,nan,51_132,RP10_ma,secondary,nan,6.0,258,nan,51,132,377,99,0.0,896.875,1082.8125,470.3125,10390.625,12840.625
267,52,160,1.0,7.1747283935546875,nan,,50.0,nan,0,nan,52_160,RP10_ma,secondary,nan,19.0,267,nan,52,160,460,101,0.0,3072.3,6003.1125,1071.2625,16978.5,27125.175000000003
"(112, 259)",54,159,0.13842832849471756,8.276220321655273,nan,,58.0,nan,0,nan,"['53_54', '53_159']",RP10_ma,tertiary,nan,1399.0,"[112, 259]",nan,53,"[54, 159]",457,"[102, 103]",0.024,10025.4,14795.55,3476.55,148764.0,177061.5
94,76,77,0.882933375918773,9.00287914276123,nan,,58.0,nan,0,nan,76_77,RP10_ma,tertiary,nan,55.0,94,nan,76,77,218,135,0.001,1940.4,13340.25,6468.0,126126.0,147874.65
190,76,108,0.9635546026080276,9.848410606384277,nan,,58.0,nan,0,nan,76_108,RP10_ma,tertiary,nan,34.0,190,nan,76,108,311,136,0.001,4204.2,12370.05,7276.5,135828.0,159678.75
263,88,159,1.0,3.787433385848999,nan,,50.0,nan,0,nan,88_159,RP10_ma,secondary,nan,10.0,263,nan,88,159,455,153,0.0,3355.2749999999996,4669.0875,848.925,14148.75,23022.0375
"(188, 231)",131,132,0.241774912500661,6.204092025756836,nan,,58.0,nan,0,nan,"['130_132', '130_131']",RP10_ma,tertiary,nan,1432.0,"[188, 231]",nan,130,"[131, 132]",379,"[208, 207]",0.025,9702.0,15038.1,6468.0,148764.0,179972.1
260,132,159,1.0,7.105915069580078,nan,,50.0,nan,0,nan,132_159,RP10_ma,secondary,nan,19.0,260,nan,132,159,456,209,0.0,3436.125,4305.2625,1293.6,24659.25,33694.2375
1,0,1,0.0,0.0,nan,,58.0,nan,nan,nan,0_1,RP10_ma,tertiary,nan,70.0,1,nan,0,1,4,1,0.001,0.0,0.0,0.0,0.0,0.0
45,0,2,0.0,0.0,nan,,60.0,nan,nan,nan,0_2,RP10_ma,tertiary,nan,529.0,45,60,0,2,7,2,0.009,0.0,0.0,0.0,0.0,0.0
12,0,11,0.0,0.0,nan,,58.0,nan,nan,nan,0_11,RP10_ma,tertiary,nan,71.0,12,nan,0,11,31,3,0.001,0.0,0.0,0.0,0.0,0.0
120,1,13,0.0,0.0,nan,,58.0,nan,nan,nan,1_13,RP10_ma,tertiary,nan,36.0,120,nan,1,13,37,4,0.001,0.0,0.0,0.0,0.0,0.0
11,1,11,0.0,0.0,nan,,58.0,nan,nan,nan,1_11,RP10_ma,tertiary,nan,24.0,11,nan,1,11,32,5,0.0,0.0,0.0,0.0,0.0,0.0
230,2,43,0.0,0.0,nan,,60.0,nan,nan,nan,2_43,RP10_ma,tertiary,nan,2554.0,230,60,2,43,128,7,0.043,0.0,0.0,0.0,0.0,0.0
3,3,4,0.0,0.0,nan,,58.0,nan,nan,nan,3_4,RP10_ma,tertiary,nan,118.0,3,nan,3,4,13,8,0.002,0.0,0.0,0.0,0.0,0.0
41,3,5,0.0,0.0,nan,,60.0,nan,nan,nan,3_5,RP10_ma,tertiary,2,320.0,41,60,3,5,16,9,0.005,0.0,0.0,0.0,0.0,0.0
225,3,143,0.0,0.0,nan,,58.0,nan,nan,nan,3_143,RP10_ma,tertiary,nan,124.0,225,nan,3,143,410,10,0.002,0.0,0.0,0.0,0.0,0.0
24,4,22,0.0,0.0,nan,,58.0,nan,nan,nan,4_22,RP10_ma,tertiary,nan,74.0,24,nan,4,22,64,11,0.001,0.0,0.0,0.0,0.0,0.0
224,4,143,0.0,0.0,nan,,58.0,nan,nan,nan,4_143,RP10_ma,tertiary,nan,63.0,224,nan,4,143,411,12,0.001,0.0,0.0,0.0,0.0,0.0
40,5,38,0.0,0.0,nan,,58.0,nan,nan,nan,5_38,RP10_ma,tertiary,nan,209.0,40,nan,5,38,113,13,0.004,0.0,0.0,0.0,0.0,0.0
157,5,118,0.0,0.0,nan,,58.0,nan,nan,nan,5_118,RP10_ma,tertiary,nan,212.0,157,nan,5,118,340,14,0.004,0.0,0.0,0.0,0.0,0.0
5,6,7,0.0,0.0,nan,,58.0,nan,nan,nan,6_7,RP10_ma,tertiary,nan,264.0,5,nan,6,7,22,15,0.005,0.0,0.0,0.0,0.0,0.0
90,6,9,0.0,0.0,nan,,58.0,nan,nan,nan,6_9,RP10_ma,tertiary,nan,909.0,90,nan,6,9,25,17,0.016,0.0,0.0,0.0,0.0,0.0
17,7,10,0.0,0.0,nan,,58.0,nan,nan,nan,7_10,RP10_ma,tertiary,nan,66.0,17,nan,7,10,28,18,0.001,0.0,0.0,0.0,0.0,0.0
89,9,75,0.0,0.0,nan,,58.0,nan,nan,nan,9_75,RP10_ma,tertiary,nan,121.0,89,nan,9,75,212,20,0.002,0.0,0.0,0.0,0.0,0.0
227,9,120,0.0,0.0,nan,,58.0,nan,nan,nan,9_120,RP10_ma,tertiary,nan,121.0,227,nan,9,120,346,21,0.002,0.0,0.0,0.0,0.0,0.0
16,10,12,0.0,0.0,nan,,58.0,nan,nan,nan,10_12,RP10_ma,tertiary,nan,43.0,16,nan,10,12,34,22,0.001,0.0,0.0,0.0,0.0,0.0
14,10,13,0.0,0.0,nan,,58.0,nan,nan,nan,10_13,RP10_ma,tertiary,nan,42.0,14,nan,10,13,38,23,0.001,0.0,0.0,0.0,0.0,0.0
13,11,12,0.0,0.0,nan,,58.0,nan,nan,nan,11_12,RP10_ma,tertiary,nan,34.0,13,nan,11,12,35,24,0.001,0.0,0.0,0.0,0.0,0.0
15,12,13,0.0,0.0,nan,,58.0,nan,nan,nan,12_13,RP10_ma,tertiary,nan,30.0,15,nan,12,13,39,25,0.001,0.0,0.0,0.0,0.0,0.0
18,14,15,0.0,0.0,nan,,50.0,nan,nan,nan,14_15,RP10_ma,trunk,nan,24.0,18,nan,14,15,43,26,0.0,0.0,0.0,0.0,0.0,0.0
19,14,16,0.0,0.0,nan,,50.0,nan,nan,nan,14_16,RP10_ma,trunk,3,78.0,19,nan,14,16,46,27,0.002,0.0,0.0,0.0,0.0,0.0
23,14,21,0.0,0.0,nan,,50.0,nan,nan,nan,14_21,RP10_ma,trunk,nan,18.0,23,nan,14,21,61,28,0.0,0.0,0.0,0.0,0.0,0.0
91,15,17,0.0,0.0,nan,,50.0,nan,nan,nan,15_17,RP10_ma,trunk,nan,23.0,91,nan,15,17,49,29,0.0,0.0,0.0,0.0,0.0,0.0
110,15,87,0.0,0.0,nan,,50.0,nan,nan,nan,15_87,RP10_ma,trunk,2,80.0,110,nan,15,87,248,30,0.002,0.0,0.0,0.0,0.0,0.0
108,16,87,0.0,0.0,nan,,50.0,nan,nan,nan,16_87,RP10_ma,secondary,nan,13.0,108,nan,16,87,249,31,0.0,0.0,0.0,0.0,0.0,0.0
115,16,91,0.0,0.0,nan,,50.0,nan,nan,nan,16_91,RP10_ma,trunk,3,63.0,115,nan,16,91,259,32,0.001,0.0,0.0,0.0,0.0,0.0
20,17,18,0.0,0.0,nan,,50.0,nan,nan,nan,17_18,RP10_ma,trunk,nan,26.0,20,nan,17,18,52,33,0.001,0.0,0.0,0.0,0.0,0.0
21,17,19,0.0,0.0,nan,,58.0,nan,nan,nan,17_19,RP10_ma,tertiary,nan,72.0,21,nan,17,19,55,34,0.001,0.0,0.0,0.0,0.0,0.0
22,18,20,0.0,0.0,nan,,50.0,nan,nan,nan,18_20,RP10_ma,trunk,nan,10.0,22,nan,18,20,58,35,0.0,0.0,0.0,0.0,0.0,0.0
176,18,127,0.0,0.0,nan,,58.0,nan,nan,nan,18_127,RP10_ma,tertiary,nan,75.0,176,nan,18,127,367,36,0.001,0.0,0.0,0.0,0.0,0.0
174,19,124,0.0,0.0,nan,,58.0,nan,nan,nan,19_124,RP10_ma,tertiary,nan,16.0,174,nan,19,124,358,37,0.0,0.0,0.0,0.0,0.0,0.0
175,19,127,0.0,0.0,nan,,58.0,nan,nan,nan,19_127,RP10_ma,tertiary_link,nan,21.0,175,nan,19,127,368,38,0.0,0.0,0.0,0.0,0.0,0.0
92,20,69,0.0,0.0,nan,,50.0,nan,nan,nan,20_69,RP10_ma,trunk,nan,34.0,92,nan,20,69,196,39,0.001,0.0,0.0,0.0,0.0,0.0
93,20,70,0.0,0.0,nan,,58.0,nan,nan,nan,20_70,RP10_ma,tertiary,nan,413.0,93,nan,20,70,199,40,0.007,0.0,0.0,0.0,0.0,0.0
122,21,94,0.0,0.0,nan,,50.0,nan,nan,nan,21_94,RP10_ma,trunk,nan,31.0,122,nan,21,94,268,41,0.001,0.0,0.0,0.0,0.0,0.0
125,21,96,0.0,0.0,nan,,58.0,nan,nan,nan,21_96,RP10_ma,tertiary,nan,108.0,125,nan,21,96,274,42,0.002,0.0,0.0,0.0,0.0,0.0
236,22,36,0.0,0.0,nan,,58.0,nan,nan,nan,22_36,RP10_ma,tertiary,nan,44.0,236,nan,22,36,106,43,0.001,0.0,0.0,0.0,0.0,0.0
237,22,24,0.0,0.0,nan,,58.0,nan,nan,nan,22_24,RP10_ma,tertiary,nan,116.0,237,nan,22,24,70,44,0.002,0.0,0.0,0.0,0.0,0.0
36,23,24,0.0,0.0,nan,,58.0,nan,nan,nan,23_24,RP10_ma,tertiary,2,782.0,36,nan,23,24,71,45,0.013,0.0,0.0,0.0,0.0,0.0
26,23,25,0.0,0.0,nan,,58.0,nan,nan,nan,23_25,RP10_ma,tertiary,nan,61.0,26,nan,23,25,73,46,0.001,0.0,0.0,0.0,0.0,0.0
72,23,62,0.0,0.0,nan,,58.0,nan,nan,nan,23_62,RP10_ma,tertiary,nan,62.0,72,nan,23,62,175,47,0.001,0.0,0.0,0.0,0.0,0.0
37,24,36,0.0,0.0,nan,,58.0,nan,nan,nan,24_36,RP10_ma,tertiary,nan,109.0,37,nan,24,36,107,48,0.002,0.0,0.0,0.0,0.0,0.0
73,25,63,0.0,0.0,nan,,58.0,nan,nan,nan,25_63,RP10_ma,tertiary,nan,125.0,73,nan,25,63,178,49,0.002,0.0,0.0,0.0,0.0,0.0
71,25,62,0.0,0.0,nan,,58.0,nan,nan,nan,25_62,RP10_ma,tertiary,nan,37.0,71,nan,25,62,176,50,0.001,0.0,0.0,0.0,0.0,0.0
27,26,27,0.0,0.0,nan,,58.0,nan,nan,nan,26_27,RP10_ma,tertiary,nan,60.0,27,nan,26,27,79,51,0.001,0.0,0.0,0.0,0.0,0.0
66,26,28,0.0,0.0,nan,,58.0,nan,nan,nan,26_28,RP10_ma,tertiary,nan,996.0,66,nan,26,28,82,52,0.017,0.0,0.0,0.0,0.0,0.0
35,26,35,0.0,0.0,nan,,58.0,nan,nan,nan,26_35,RP10_ma,tertiary,nan,58.0,35,nan,26,35,103,53,0.001,0.0,0.0,0.0,0.0,0.0
78,27,29,0.0,0.0,nan,,58.0,nan,nan,nan,27_29,RP10_ma,tertiary,nan,43.0,78,nan,27,29,85,54,0.001,0.0,0.0,0.0,0.0,0.0
34,27,35,0.0,0.0,nan,,58.0,nan,nan,nan,27_35,RP10_ma,tertiary,nan,41.0,34,nan,27,35,104,55,0.001,0.0,0.0,0.0,0.0,0.0
67,28,61,0.0,0.0,nan,,58.0,nan,nan,nan,28_61,RP10_ma,tertiary,nan,46.0,67,nan,28,61,172,56,0.001,0.0,0.0,0.0,0.0,0.0
69,28,63,0.0,0.0,nan,,58.0,nan,nan,nan,28_63,RP10_ma,tertiary,nan,44.0,69,nan,28,63,179,57,0.001,0.0,0.0,0.0,0.0,0.0
29,29,30,0.0,0.0,nan,,58.0,nan,nan,nan,29_30,RP10_ma,tertiary,nan,38.0,29,nan,29,30,88,58,0.001,0.0,0.0,0.0,0.0,0.0
30,29,31,0.07997451521828453,0.3450441360473633,nan,,58.0,yes,nan,nan,29_31,RP10_ma,tertiary,nan,230.0,30,nan,29,31,91,59,0.004,0.0,0.0,0.0,0.0,0.0
31,30,32,0.0,0.0,nan,,58.0,nan,nan,nan,30_32,RP10_ma,tertiary,nan,13.0,31,nan,30,32,94,60,0.0,0.0,0.0,0.0,0.0,0.0
99,31,68,0.0,0.0,nan,,58.0,nan,nan,nan,31_68,RP10_ma,tertiary,nan,56.0,99,nan,31,68,193,62,0.001,0.0,0.0,0.0,0.0,0.0
101,31,82,0.0,0.0,nan,,58.0,nan,nan,nan,31_82,RP10_ma,tertiary,nan,44.0,101,nan,31,82,234,63,0.001,0.0,0.0,0.0,0.0,0.0
32,32,33,0.0,0.0,nan,,58.0,nan,nan,nan,32_33,RP10_ma,tertiary,nan,47.0,32,nan,32,33,97,64,0.001,0.0,0.0,0.0,0.0,0.0
33,32,34,0.0,0.0,nan,,58.0,nan,nan,nan,32_34,RP10_ma,tertiary,nan,29.0,33,nan,32,34,100,65,0.001,0.0,0.0,0.0,0.0,0.0
138,33,37,0.0,0.0,nan,,58.0,nan,nan,nan,33_37,RP10_ma,tertiary,2,1590.0,138,nan,33,37,110,66,0.027,0.0,0.0,0.0,0.0,0.0
39,33,34,0.0,0.0,nan,,58.0,nan,nan,nan,33_34,RP10_ma,tertiary,nan,41.0,39,nan,33,34,101,67,0.001,0.0,0.0,0.0,0.0,0.0
180,34,35,0.0,0.0,nan,,58.0,nan,nan,nan,34_35,RP10_ma,tertiary,nan,4.0,180,nan,34,35,105,68,0.0,0.0,0.0,0.0,0.0,0.0
211,36,143,0.0,0.0,nan,,58.0,nan,nan,nan,36_143,RP10_ma,tertiary,nan,48.0,211,nan,36,143,412,69,0.001,0.0,0.0,0.0,0.0,0.0
212,36,39,0.0,0.0,nan,,58.0,nan,nan,nan,36_39,RP10_ma,tertiary,1,181.0,212,nan,36,39,116,70,0.003,0.0,0.0,0.0,0.0,0.0
137,37,84,0.0,0.0,nan,,58.0,nan,nan,nan,37_84,RP10_ma,tertiary,nan,41.0,137,nan,37,84,239,71,0.001,0.0,0.0,0.0,0.0,0.0
102,37,83,0.0,0.0,nan,,58.0,nan,nan,nan,37_83,RP10_ma,tertiary,nan,43.0,102,nan,37,83,236,72,0.001,0.0,0.0,0.0,0.0,0.0
158,38,119,0.0,0.0,nan,,58.0,nan,nan,nan,38_119,RP10_ma,tertiary,nan,30.0,158,nan,38,119,343,73,0.001,0.0,0.0,0.0,0.0,0.0
159,38,118,0.0,0.0,nan,,58.0,nan,nan,nan,38_118,RP10_ma,tertiary_link,nan,32.0,159,nan,38,118,341,74,0.001,0.0,0.0,0.0,0.0,0.0
42,39,40,0.0,0.0,nan,,60.0,nan,nan,nan,39_40,RP10_ma,tertiary,2,21.0,42,60,39,40,119,75,0.0,0.0,0.0,0.0,0.0,0.0
43,39,41,0.0,0.0,nan,,58.0,nan,nan,nan,39_41,RP10_ma,tertiary_link,nan,20.0,43,nan,39,41,122,76,0.0,0.0,0.0,0.0,0.0,0.0
141,40,67,0.0,0.0,nan,,60.0,nan,nan,nan,40_67,RP10_ma,tertiary,2,90.0,141,60,40,67,190,77,0.002,0.0,0.0,0.0,0.0,0.0
143,40,106,0.0,0.0,nan,,58.0,nan,nan,nan,40_106,RP10_ma,tertiary_link,nan,20.0,143,nan,40,106,304,78,0.0,0.0,0.0,0.0,0.0,0.0
223,41,143,0.0,0.0,nan,,58.0,nan,nan,nan,41_143,RP10_ma,tertiary,nan,184.0,223,nan,41,143,413,79,0.003,0.0,0.0,0.0,0.0,0.0
142,41,106,0.0,0.0,nan,,58.0,nan,nan,nan,41_106,RP10_ma,tertiary,nan,21.0,142,nan,41,106,305,80,0.0,0.0,0.0,0.0,0.0,0.0
85,42,73,0.027675608649179083,0.4099454879760742,nan,,50.0,yes,nan,nan,42_73,RP10_ma,secondary,nan,1015.0,85,nan,42,73,208,81,0.02,0.0,0.0,0.0,0.0,0.0
117,42,74,0.0,0.0,nan,,50.0,nan,nan,nan,42_74,RP10_ma,secondary,nan,482.0,117,nan,42,74,209,82,0.01,0.0,0.0,0.0,0.0,0.0
47,44,45,0.0,0.0,nan,,50.0,nan,nan,nan,44_45,RP10_ma,secondary,nan,30.0,47,nan,44,45,132,83,0.001,0.0,0.0,0.0,0.0,0.0
57,44,46,0.0,0.0,nan,,50.0,nan,nan,nan,44_46,RP10_ma,secondary,nan,451.0,57,nan,44,46,135,84,0.009,0.0,0.0,0.0,0.0,0.0
83,44,72,0.0,0.0,nan,,50.0,nan,nan,nan,44_72,RP10_ma,secondary,nan,23.0,83,nan,44,72,205,85,0.0,0.0,0.0,0.0,0.0,0.0
232,45,93,0.0,0.0,nan,,50.0,nan,nan,nan,45_93,RP10_ma,secondary,nan,33.0,232,nan,45,93,265,86,0.001,0.0,0.0,0.0,0.0,0.0
84,45,72,0.0,0.0,nan,,50.0,nan,nan,nan,45_72,RP10_ma,secondary_link,nan,16.0,84,nan,45,72,206,87,0.0,0.0,0.0,0.0,0.0,0.0
53,46,48,0.0,0.0,nan,,58.0,nan,nan,nan,46_48,RP10_ma,tertiary,nan,248.0,53,nan,46,48,142,88,0.004,0.0,0.0,0.0,0.0,0.0
52,47,48,0.0,0.0,nan,,58.0,nan,nan,nan,47_48,RP10_ma,tertiary,nan,37.0,52,nan,47,48,143,90,0.001,0.0,0.0,0.0,0.0,0.0
261,52,88,1.0,0.3551008701324463,nan,,50.0,nan,nan,nan,52_88,RP10_ma,secondary,nan,10.0,261,nan,52,88,252,100,0.0,0.0,0.0,0.0,0.0,0.0
111,54,89,0.0,0.0,nan,,50.0,nan,nan,nan,54_89,RP10_ma,trunk,2,65.0,111,nan,54,89,255,104,0.001,0.0,0.0,0.0,0.0,0.0
113,54,90,0.0,0.0,nan,,50.0,nan,nan,nan,54_90,RP10_ma,trunk,2,1440.0,113,nan,54,90,258,105,0.029,0.0,0.0,0.0,0.0,0.0
271,56,71,0.0,0.0,nan,,58.0,nan,nan,nan,56_71,RP10_ma,tertiary_link,nan,23.0,271,nan,56,71,202,108,0.0,0.0,0.0,0.0,0.0,0.0
269,56,59,0.0,0.0,nan,,58.0,nan,nan,nan,56_59,RP10_ma,tertiary,nan,128.0,269,nan,56,59,166,109,0.002,0.0,0.0,0.0,0.0,0.0
81,58,59,0.0,0.0,nan,,58.0,nan,nan,nan,58_59,RP10_ma,tertiary,nan,141.0,81,nan,58,59,167,111,0.002,0.0,0.0,0.0,0.0,0.0
65,58,60,0.0,0.0,nan,,58.0,nan,nan,nan,58_60,RP10_ma,tertiary,nan,82.0,65,nan,58,60,169,112,0.001,0.0,0.0,0.0,0.0,0.0
170,58,123,0.0,0.0,nan,,58.0,nan,nan,nan,58_123,RP10_ma,tertiary,nan,73.0,170,nan,58,123,355,113,0.001,0.0,0.0,0.0,0.0,0.0
82,59,71,0.0,0.0,nan,,58.0,nan,nan,nan,59_71,RP10_ma,tertiary,nan,120.0,82,nan,59,71,204,114,0.002,0.0,0.0,0.0,0.0,0.0
169,60,123,0.0,0.0,nan,,58.0,nan,nan,nan,60_123,RP10_ma,tertiary_link,nan,21.0,169,nan,60,123,356,115,0.0,0.0,0.0,0.0,0.0,0.0
168,60,122,0.0,0.0,nan,,58.0,nan,nan,nan,60_122,RP10_ma,tertiary,nan,117.0,168,nan,60,122,352,116,0.002,0.0,0.0,0.0,0.0,0.0
68,61,62,0.0,0.0,nan,,58.0,nan,nan,nan,61_62,RP10_ma,tertiary,nan,123.0,68,nan,61,62,177,117,0.002,0.0,0.0,0.0,0.0,0.0
70,61,63,0.0,0.0,nan,,58.0,nan,nan,nan,61_63,RP10_ma,tertiary,nan,33.0,70,nan,61,63,180,118,0.001,0.0,0.0,0.0,0.0,0.0
140,64,65,0.0,0.0,nan,,58.0,nan,nan,nan,64_65,RP10_ma,tertiary,nan,161.0,140,nan,64,65,184,119,0.003,0.0,0.0,0.0,0.0,0.0
75,64,66,0.0,0.0,nan,,58.0,nan,nan,nan,64_66,RP10_ma,tertiary,nan,57.0,75,nan,64,66,187,120,0.001,0.0,0.0,0.0,0.0,0.0
77,64,67,0.0,0.0,nan,,58.0,nan,nan,nan,64_67,RP10_ma,tertiary,nan,59.0,77,nan,64,67,191,121,0.001,0.0,0.0,0.0,0.0,0.0
139,65,86,0.0,0.0,nan,,58.0,nan,nan,nan,65_86,RP10_ma,tertiary,nan,33.0,139,nan,65,86,245,122,0.001,0.0,0.0,0.0,0.0,0.0
104,65,85,0.0,0.0,nan,,58.0,nan,nan,nan,65_85,RP10_ma,tertiary,nan,31.0,104,nan,65,85,242,123,0.001,0.0,0.0,0.0,0.0,0.0
144,66,107,0.0,0.0,nan,,60.0,nan,nan,nan,66_107,RP10_ma,tertiary,2,74.0,144,60,66,107,307,124,0.001,0.0,0.0,0.0,0.0,0.0
76,66,67,0.0,0.0,nan,,60.0,nan,nan,nan,66_67,RP10_ma,tertiary,2,49.0,76,60,66,67,192,125,0.001,0.0,0.0,0.0,0.0,0.0
79,68,69,0.0,0.0,nan,,58.0,nan,nan,nan,68_69,RP10_ma,tertiary,nan,411.0,79,nan,68,69,197,126,0.007,0.0,0.0,0.0,0.0,0.0
80,68,70,0.0,0.0,nan,,58.0,nan,nan,nan,68_70,RP10_ma,tertiary,nan,31.0,80,nan,68,70,200,127,0.001,0.0,0.0,0.0,0.0,0.0
121,69,94,0.0,0.0,nan,,50.0,nan,nan,nan,69_94,RP10_ma,trunk,nan,10.0,121,nan,69,94,269,128,0.0,0.0,0.0,0.0,0.0,0.0
98,70,82,0.0,0.0,nan,,58.0,nan,nan,nan,70_82,RP10_ma,tertiary,nan,35.0,98,nan,70,82,235,129,0.001,0.0,0.0,0.0,0.0,0.0
234,72,148,0.0,0.0,nan,,50.0,nan,nan,nan,72_148,RP10_ma,secondary,nan,65.0,234,nan,72,148,426,130,0.001,0.0,0.0,0.0,0.0,0.0
116,74,92,0.0,0.0,nan,,50.0,nan,nan,nan,74_92,RP10_ma,secondary,nan,27.0,116,nan,74,92,262,131,0.001,0.0,0.0,0.0,0.0,0.0
118,74,93,0.0,0.0,nan,,50.0,nan,nan,nan,74_93,RP10_ma,secondary,nan,39.0,118,nan,74,93,266,132,0.001,0.0,0.0,0.0,0.0,0.0
226,75,120,0.0,0.0,nan,,58.0,nan,nan,nan,75_120,RP10_ma,tertiary_link,nan,22.0,226,nan,75,120,347,133,0.0,0.0,0.0,0.0,0.0,0.0
229,75,121,0.0,0.0,nan,,58.0,nan,nan,nan,75_121,RP10_ma,tertiary,nan,188.0,229,nan,75,121,349,134,0.003,0.0,0.0,0.0,0.0,0.0
148,77,81,0.0,0.0,nan,,58.0,nan,nan,nan,77_81,RP10_ma,tertiary,nan,58.0,148,nan,77,81,230,137,0.001,0.0,0.0,0.0,0.0,0.0
149,77,111,0.0,0.0,nan,,58.0,nan,nan,nan,77_111,RP10_ma,tertiary,nan,457.0,149,nan,77,111,319,138,0.008,0.0,0.0,0.0,0.0,0.0
95,78,79,0.0,0.0,nan,,58.0,nan,nan,nan,78_79,RP10_ma,tertiary,nan,76.0,95,nan,78,79,224,139,0.001,0.0,0.0,0.0,0.0,0.0
96,78,80,0.0,0.0,nan,,58.0,nan,nan,nan,78_80,RP10_ma,tertiary,nan,52.0,96,nan,78,80,227,140,0.001,0.0,0.0,0.0,0.0,0.0
97,78,81,0.0,0.0,nan,,58.0,nan,nan,nan,78_81,RP10_ma,tertiary,nan,10.0,97,nan,78,81,231,141,0.0,0.0,0.0,0.0,0.0,0.0
209,79,109,0.0,0.0,nan,,58.0,nan,nan,nan,79_109,RP10_ma,tertiary_link,nan,27.0,209,nan,79,109,313,142,0.0,0.0,0.0,0.0,0.0,0.0
147,79,110,0.0,0.0,nan,,58.0,nan,nan,nan,79_110,RP10_ma,tertiary,nan,155.0,147,nan,79,110,316,143,0.003,0.0,0.0,0.0,0.0,0.0
145,80,108,0.0,0.0,nan,,58.0,nan,nan,nan,80_108,RP10_ma,tertiary,nan,6.0,145,nan,80,108,312,144,0.0,0.0,0.0,0.0,0.0,0.0
210,80,109,0.0,0.0,nan,,58.0,nan,nan,nan,80_109,RP10_ma,tertiary,nan,64.0,210,nan,80,109,314,145,0.001,0.0,0.0,0.0,0.0,0.0
217,81,146,0.0,0.0,nan,,60.0,nan,nan,nan,81_146,RP10_ma,tertiary,2,450.0,217,60,81,146,420,146,0.008,0.0,0.0,0.0,0.0,0.0
103,83,84,0.0,0.0,nan,,58.0,nan,nan,nan,83_84,RP10_ma,tertiary,nan,24.0,103,nan,83,84,240,147,0.0,0.0,0.0,0.0,0.0,0.0
107,83,86,0.0,0.0,nan,,58.0,nan,nan,nan,83_86,RP10_ma,tertiary,nan,29.0,107,nan,83,86,246,148,0.001,0.0,0.0,0.0,0.0,0.0
106,84,85,0.0,0.0,nan,,58.0,nan,nan,nan,84_85,RP10_ma,tertiary,nan,15.0,106,nan,84,85,243,149,0.0,0.0,0.0,0.0,0.0,0.0
105,85,86,0.0,0.0,nan,,58.0,nan,nan,nan,85_86,RP10_ma,tertiary,nan,24.0,105,nan,85,86,247,150,0.0,0.0,0.0,0.0,0.0,0.0
262,87,88,0.00181398283730184,0.21797680854797363,nan,,50.0,nan,nan,nan,87_88,RP10_ma,secondary,nan,1255.0,262,nan,87,88,253,151,0.025,0.0,0.0,0.0,0.0,0.0
238,87,150,0.0,0.0,nan,,50.0,nan,nan,nan,87_150,RP10_ma,trunk,2,59.0,238,nan,87,150,430,152,0.001,0.0,0.0,0.0,0.0,0.0
254,89,154,0.0,0.0,nan,,50.0,nan,nan,nan,89_154,RP10_ma,trunk,2,176.0,254,nan,89,154,442,154,0.004,0.0,0.0,0.0,0.0,0.0
256,89,157,0.0,0.0,nan,,50.0,nan,nan,nan,89_157,RP10_ma,trunk_link,nan,14.0,256,nan,89,157,451,155,0.0,0.0,0.0,0.0,0.0,0.0
239,91,150,0.0,0.0,nan,,50.0,nan,nan,nan,91_150,RP10_ma,trunk_link,nan,13.0,239,nan,91,150,431,156,0.0,0.0,0.0,0.0,0.0,0.0
241,91,151,0.0,0.0,nan,,50.0,nan,nan,nan,91_151,RP10_ma,trunk,3,73.0,241,nan,91,151,433,157,0.001,0.0,0.0,0.0,0.0,0.0
233,92,148,0.0,0.0,nan,,50.0,nan,nan,nan,92_148,RP10_ma,secondary,nan,9.0,233,nan,92,148,427,158,0.0,0.0,0.0,0.0,0.0,0.0
119,92,93,0.0,0.0,nan,,50.0,nan,nan,nan,92_93,RP10_ma,secondary_link,nan,24.0,119,nan,92,93,267,159,0.0,0.0,0.0,0.0,0.0,0.0
123,94,95,0.0,0.0,nan,,58.0,nan,nan,nan,94_95,RP10_ma,tertiary,nan,110.0,123,nan,94,95,271,160,0.002,0.0,0.0,0.0,0.0,0.0
124,95,96,0.0,0.0,nan,,58.0,nan,nan,nan,95_96,RP10_ma,tertiary_link,nan,21.0,124,nan,95,96,275,161,0.0,0.0,0.0,0.0,0.0,0.0
127,95,97,0.0,0.0,nan,,58.0,nan,nan,nan,95_97,RP10_ma,tertiary,nan,197.0,127,nan,95,97,277,162,0.003,0.0,0.0,0.0,0.0,0.0
164,96,122,0.0,0.0,nan,,58.0,nan,nan,nan,96_122,RP10_ma,tertiary,nan,194.0,164,nan,96,122,353,163,0.003,0.0,0.0,0.0,0.0,0.0
163,97,122,0.0,0.0,nan,,58.0,nan,nan,nan,97_122,RP10_ma,tertiary_link,nan,22.0,163,nan,97,122,354,164,0.0,0.0,0.0,0.0,0.0,0.0
166,97,123,0.0,0.0,nan,,58.0,nan,nan,nan,97_123,RP10_ma,tertiary,nan,117.0,166,nan,97,123,357,165,0.002,0.0,0.0,0.0,0.0,0.0
128,98,99,0.0,0.0,nan,,58.0,nan,nan,nan,98_99,RP10_ma,tertiary,nan,146.0,128,nan,98,99,283,166,0.003,0.0,0.0,0.0,0.0,0.0
130,98,100,0.0,0.0,nan,,58.0,nan,nan,nan,98_100,RP10_ma,tertiary_link,nan,24.0,130,nan,98,100,286,167,0.0,0.0,0.0,0.0,0.0,0.0
177,98,125,0.0,0.0,nan,,58.0,nan,nan,nan,98_125,RP10_ma,tertiary,nan,13.0,177,nan,98,125,361,168,0.0,0.0,0.0,0.0,0.0,0.0
135,99,102,0.0,0.0,nan,,58.0,nan,nan,nan,99_102,RP10_ma,tertiary,nan,14.0,135,nan,99,102,292,169,0.0,0.0,0.0,0.0,0.0,0.0
136,99,105,0.0,0.0,nan,,58.0,nan,nan,nan,99_105,RP10_ma,tertiary_link,nan,28.0,136,nan,99,105,301,170,0.0,0.0,0.0,0.0,0.0,0.0
129,100,101,0.0,0.0,nan,,58.0,nan,nan,nan,100_101,RP10_ma,tertiary,nan,13.0,129,nan,100,101,289,171,0.0,0.0,0.0,0.0,0.0,0.0
134,100,105,0.023001107037777448,0.061795949935913086,nan,,58.0,nan,nan,nan,100_105,RP10_ma,tertiary,nan,146.0,134,nan,100,105,302,172,0.003,0.0,0.0,0.0,0.0,0.0
179,101,126,0.0,0.0,nan,,58.0,nan,nan,nan,101_126,RP10_ma,tertiary,nan,95.0,179,nan,101,126,364,173,0.002,0.0,0.0,0.0,0.0,0.0
178,101,125,0.0,0.0,nan,,58.0,nan,nan,nan,101_125,RP10_ma,tertiary_link,nan,24.0,178,nan,101,125,362,174,0.0,0.0,0.0,0.0,0.0,0.0
131,102,103,0.0,0.0,nan,,58.0,nan,nan,nan,102_103,RP10_ma,tertiary,nan,246.0,131,nan,102,103,295,175,0.004,0.0,0.0,0.0,0.0,0.0
133,102,104,0.027864503927723803,0.12477755546569824,nan,,58.0,nan,nan,nan,102_104,RP10_ma,tertiary_link,nan,28.0,133,nan,102,104,298,176,0.0,0.0,0.0,0.0,0.0,0.0
184,103,116,0.0,0.0,nan,,58.0,nan,nan,nan,103_116,RP10_ma,tertiary,nan,17.0,184,nan,103,116,334,177,0.0,0.0,0.0,0.0,0.0,0.0
185,103,117,0.0,0.0,nan,,58.0,nan,nan,nan,103_117,RP10_ma,tertiary_link,nan,29.0,185,nan,103,117,337,178,0.001,0.0,0.0,0.0,0.0,0.0
132,104,105,0.27948040221037324,0.12485671043395996,nan,,58.0,nan,nan,nan,104_105,RP10_ma,tertiary,nan,14.0,132,nan,104,105,303,179,0.0,0.0,0.0,0.0,0.0,0.0
186,104,117,0.04370781909557188,0.12477755546569824,nan,,58.0,nan,nan,nan,104_117,RP10_ma,tertiary,nan,245.0,186,nan,104,117,338,180,0.004,0.0,0.0,0.0,0.0,0.0
216,106,144,0.0,0.0,nan,,58.0,nan,nan,nan,106_144,RP10_ma,tertiary,nan,212.0,216,nan,106,144,414,181,0.004,0.0,0.0,0.0,0.0,0.0
215,107,144,0.0,0.0,nan,,58.0,nan,nan,nan,107_144,RP10_ma,tertiary_link,nan,17.0,215,nan,107,144,415,182,0.0,0.0,0.0,0.0,0.0,0.0
214,107,145,0.0,0.0,nan,,60.0,nan,nan,nan,107_145,RP10_ma,tertiary,2,182.0,214,60,107,145,417,183,0.003,0.0,0.0,0.0,0.0,0.0
206,109,142,0.0,0.0,nan,,58.0,nan,nan,nan,109_142,RP10_ma,tertiary,nan,155.0,206,nan,109,142,407,184,0.003,0.0,0.0,0.0,0.0,0.0
207,110,141,0.0,0.0,nan,,58.0,nan,nan,nan,110_141,RP10_ma,tertiary,nan,19.0,207,nan,110,141,404,185,0.0,0.0,0.0,0.0,0.0,0.0
208,110,142,0.0,0.0,nan,,58.0,nan,nan,nan,110_142,RP10_ma,tertiary_link,nan,27.0,208,nan,110,142,408,186,0.0,0.0,0.0,0.0,0.0,0.0
218,111,147,0.0,0.0,nan,,58.0,nan,nan,nan,111_147,RP10_ma,tertiary,nan,16.0,218,nan,111,147,423,187,0.0,0.0,0.0,0.0,0.0,0.0
219,111,146,0.0,0.0,nan,,58.0,nan,nan,nan,111_146,RP10_ma,tertiary_link,nan,17.0,219,nan,111,146,421,188,0.0,0.0,0.0,0.0,0.0,0.0
151,112,113,0.0,0.0,nan,,58.0,nan,nan,nan,112_113,RP10_ma,tertiary,nan,79.0,151,nan,112,113,325,189,0.001,0.0,0.0,0.0,0.0,0.0
153,112,114,0.0,0.0,nan,,58.0,nan,nan,nan,112_114,RP10_ma,tertiary_link,nan,30.0,153,nan,112,114,328,190,0.001,0.0,0.0,0.0,0.0,0.0
182,112,129,0.0,0.0,nan,,58.0,nan,nan,nan,112_129,RP10_ma,tertiary,nan,17.0,182,nan,112,129,373,191,0.0,0.0,0.0,0.0,0.0,0.0
155,113,117,0.0,0.0,nan,,58.0,nan,nan,nan,113_117,RP10_ma,tertiary,nan,18.0,155,nan,113,117,339,192,0.0,0.0,0.0,0.0,0.0,0.0
156,113,116,0.0,0.0,nan,,58.0,nan,nan,nan,113_116,RP10_ma,tertiary_link,nan,29.0,156,nan,113,116,335,193,0.001,0.0,0.0,0.0,0.0,0.0
152,114,115,0.0,0.0,nan,,58.0,nan,nan,nan,114_115,RP10_ma,tertiary,nan,15.0,152,nan,114,115,331,194,0.0,0.0,0.0,0.0,0.0,0.0
154,114,116,0.0,0.0,nan,,58.0,nan,nan,nan,114_116,RP10_ma,tertiary,nan,80.0,154,nan,114,116,336,195,0.001,0.0,0.0,0.0,0.0,0.0
181,115,128,0.0,0.0,nan,,58.0,nan,nan,nan,115_128,RP10_ma,tertiary,nan,85.0,181,nan,115,128,370,196,0.001,0.0,0.0,0.0,0.0,0.0
183,115,129,0.0,0.0,nan,,58.0,nan,nan,nan,115_129,RP10_ma,tertiary_link,nan,30.0,183,nan,115,129,374,197,0.001,0.0,0.0,0.0,0.0,0.0
161,118,121,0.0,0.0,nan,,58.0,nan,nan,nan,118_121,RP10_ma,tertiary,nan,26.0,161,nan,118,121,350,198,0.0,0.0,0.0,0.0,0.0,0.0
160,119,120,0.0,0.0,nan,,58.0,nan,nan,nan,119_120,RP10_ma,tertiary,nan,190.0,160,nan,119,120,348,199,0.003,0.0,0.0,0.0,0.0,0.0
162,119,121,0.0,0.0,nan,,58.0,nan,nan,nan,119_121,RP10_ma,tertiary_link,nan,35.0,162,nan,119,121,351,200,0.001,0.0,0.0,0.0,0.0,0.0
171,124,125,0.0,0.0,nan,,58.0,nan,nan,nan,124_125,RP10_ma,tertiary,nan,96.0,171,nan,124,125,363,201,0.002,0.0,0.0,0.0,0.0,0.0
173,124,126,0.0,0.0,nan,,58.0,nan,nan,nan,124_126,RP10_ma,tertiary_link,nan,21.0,173,nan,124,126,365,202,0.0,0.0,0.0,0.0,0.0,0.0
172,126,127,0.0,0.0,nan,,58.0,nan,nan,nan,126_127,RP10_ma,tertiary,nan,16.0,172,nan,126,127,369,203,0.0,0.0,0.0,0.0,0.0,0.0
192,128,134,0.0,0.0,nan,,58.0,nan,nan,nan,128_134,RP10_ma,tertiary,nan,16.0,192,nan,128,134,383,204,0.0,0.0,0.0,0.0,0.0,0.0
193,128,133,0.0,0.0,nan,,58.0,nan,nan,nan,128_133,RP10_ma,tertiary_link,nan,29.0,193,nan,128,133,380,205,0.001,0.0,0.0,0.0,0.0,0.0
191,129,133,0.0,0.0,nan,,58.0,nan,nan,nan,129_133,RP10_ma,tertiary,nan,83.0,191,nan,129,133,381,206,0.001,0.0,0.0,0.0,0.0,0.0
195,133,136,0.0,0.0,nan,,58.0,nan,nan,nan,133_136,RP10_ma,tertiary,nan,17.0,195,nan,133,136,389,210,0.0,0.0,0.0,0.0,0.0,0.0
194,134,135,0.0,0.0,nan,,58.0,nan,nan,nan,134_135,RP10_ma,tertiary,nan,202.0,194,nan,134,135,386,211,0.003,0.0,0.0,0.0,0.0,0.0
196,134,136,0.0,0.0,nan,,58.0,nan,nan,nan,134_136,RP10_ma,tertiary_link,nan,29.0,196,nan,134,136,390,212,0.001,0.0,0.0,0.0,0.0,0.0
198,135,138,0.0,0.0,nan,,58.0,nan,nan,nan,135_138,RP10_ma,tertiary,nan,17.0,198,nan,135,138,395,213,0.0,0.0,0.0,0.0,0.0,0.0
199,135,137,0.0,0.0,nan,,58.0,nan,nan,nan,135_137,RP10_ma,tertiary_link,nan,27.0,199,nan,135,137,392,214,0.0,0.0,0.0,0.0,0.0,0.0
197,136,137,0.002978190999388547,0.0602569580078125,nan,,58.0,nan,nan,nan,136_137,RP10_ma,tertiary,nan,202.0,197,nan,136,137,393,215,0.003,0.0,0.0,0.0,0.0,0.0
201,137,140,0.0,0.0,nan,,58.0,nan,nan,nan,137_140,RP10_ma,tertiary,nan,18.0,201,nan,137,140,401,216,0.0,0.0,0.0,0.0,0.0,0.0
200,138,139,0.0,0.0,nan,,58.0,nan,nan,nan,138_139,RP10_ma,tertiary,nan,121.0,200,nan,138,139,398,217,0.002,0.0,0.0,0.0,0.0,0.0
202,138,140,0.0,0.0,nan,,58.0,nan,nan,nan,138_140,RP10_ma,tertiary_link,nan,27.0,202,nan,138,140,402,218,0.0,0.0,0.0,0.0,0.0,0.0
204,139,142,0.0,0.0,nan,,58.0,nan,nan,nan,139_142,RP10_ma,tertiary,nan,18.0,204,nan,139,142,409,219,0.0,0.0,0.0,0.0,0.0,0.0
205,139,141,0.0,0.0,nan,,58.0,nan,nan,nan,139_141,RP10_ma,tertiary_link,nan,27.0,205,nan,139,141,405,220,0.0,0.0,0.0,0.0,0.0,0.0
203,140,141,0.0,0.0,nan,,58.0,nan,nan,nan,140_141,RP10_ma,tertiary,nan,120.0,203,nan,140,141,406,221,0.002,0.0,0.0,0.0,0.0,0.0
220,144,147,0.0,0.0,nan,,58.0,nan,nan,nan,144_147,RP10_ma,tertiary,nan,183.0,220,nan,144,147,424,222,0.003,0.0,0.0,0.0,0.0,0.0
221,145,146,0.0,0.0,nan,,60.0,nan,nan,nan,145_146,RP10_ma,tertiary,2,17.0,221,60,145,146,422,223,0.0,0.0,0.0,0.0,0.0,0.0
222,145,147,0.0,0.0,nan,,58.0,nan,nan,nan,145_147,RP10_ma,tertiary_link,nan,17.0,222,nan,145,147,425,224,0.0,0.0,0.0,0.0,0.0,0.0
235,148,149,0.0,0.0,nan,,50.0,nan,nan,nan,148_149,RP10_ma,secondary_link,nan,28.0,235,nan,148,149,429,225,0.001,0.0,0.0,0.0,0.0,0.0
242,150,152,0.0,0.0,nan,,50.0,nan,nan,nan,150_152,RP10_ma,trunk,2,74.0,242,nan,150,152,436,226,0.001,0.0,0.0,0.0,0.0,0.0
244,151,153,0.0,0.0,nan,,50.0,nan,nan,nan,151_153,RP10_ma,trunk,3,76.0,244,nan,151,153,439,227,0.002,0.0,0.0,0.0,0.0,0.0
243,151,152,0.0,0.0,nan,,50.0,nan,nan,nan,151_152,RP10_ma,trunk_link,nan,13.0,243,nan,151,152,437,228,0.0,0.0,0.0,0.0,0.0,0.0
251,152,155,0.0,0.0,nan,,50.0,nan,nan,nan,152_155,RP10_ma,trunk,2,76.0,251,nan,152,155,445,229,0.002,0.0,0.0,0.0,0.0,0.0
250,153,155,0.0,0.0,nan,,50.0,nan,nan,nan,153_155,RP10_ma,trunk_link,nan,13.0,250,nan,153,155,446,230,0.0,0.0,0.0,0.0,0.0,0.0
253,153,156,0.0,0.0,nan,,50.0,nan,nan,nan,153_156,RP10_ma,trunk,3,30.0,253,nan,153,156,448,231,0.001,0.0,0.0,0.0,0.0,0.0
246,154,155,0.0,0.0,nan,,50.0,nan,nan,nan,154_155,RP10_ma,trunk,2,30.0,246,nan,154,155,447,232,0.001,0.0,0.0,0.0,0.0,0.0
249,154,156,0.0,0.0,nan,,50.0,nan,nan,nan,154_156,RP10_ma,trunk_link,nan,13.0,249,nan,154,156,449,233,0.0,0.0,0.0,0.0,0.0,0.0
248,156,157,0.0,0.0,nan,,50.0,nan,nan,nan,156_157,RP10_ma,trunk,3,177.0,248,nan,156,157,452,234,0.004,0.0,0.0,0.0,0.0,0.0
257,157,158,0.0,0.0,nan,,50.0,nan,nan,nan,157_158,RP10_ma,trunk,3,1504.0,257,nan,157,158,454,235,0.03,0.0,0.0,0.0,0.0,0.0
